This is XeTeX, Version 3.141592653-2.6-0.999996 (TeX Live 2024) (preloaded format=xelatex 2024.10.7)  30 APR 2025 13:55
entering extended mode
 restricted \write18 enabled.
 %&-line parsing enabled.
**index.tex
(./index.tex
LaTeX2e <2024-06-01> patch level 2
L3 programming layer <2024-09-10>
(c:/Users/gabri/AppData/Roaming/TinyTeX/texmf-dist/tex/latex/koma-script/scrreprt.cls
Document Class: scrreprt 2023/07/07 v3.41 KOMA-Script document class (report)
(c:/Users/gabri/AppData/Roaming/TinyTeX/texmf-dist/tex/latex/koma-script/scrkbase.sty
Package: scrkbase 2023/07/07 v3.41 KOMA-Script package (KOMA-Script-dependent basics and keyval usage)
(c:/Users/gabri/AppData/Roaming/TinyTeX/texmf-dist/tex/latex/koma-script/scrbase.sty
Package: scrbase 2023/07/07 v3.41 KOMA-Script package (KOMA-Script-independent basics and keyval usage)
(c:/Users/gabri/AppData/Roaming/TinyTeX/texmf-dist/tex/latex/koma-script/scrlfile.sty
Package: scrlfile 2023/07/07 v3.41 KOMA-Script package (file load hooks)
(c:/Users/gabri/AppData/Roaming/TinyTeX/texmf-dist/tex/latex/koma-script/scrlfile-hook.sty
Package: scrlfile-hook 2023/07/07 v3.41 KOMA-Script package (using LaTeX hooks)
(c:/Users/gabri/AppData/Roaming/TinyTeX/texmf-dist/tex/latex/koma-script/scrlogo.sty
Package: scrlogo 2023/07/07 v3.41 KOMA-Script package (logo)
))) (c:/Users/gabri/AppData/Roaming/TinyTeX/texmf-dist/tex/latex/graphics/keyval.sty
Package: keyval 2022/05/29 v1.15 key=value parser (DPC)
\KV@toks@=\toks17
)
Applying: [2021/05/01] Usage of raw or classic option list on input line 252.
Already applied: [0000/00/00] Usage of raw or classic option list on input line 368.
)) (c:/Users/gabri/AppData/Roaming/TinyTeX/texmf-dist/tex/latex/koma-script/tocbasic.sty
Package: tocbasic 2023/07/07 v3.41 KOMA-Script package (handling toc-files)
\scr@dte@tocline@numberwidth=\skip49
\scr@dte@tocline@numbox=\box52
)
Package tocbasic Info: omitting babel extension for `toc'
(tocbasic)             because of feature `nobabel' available
(tocbasic)             for `toc' on input line 135.
Class scrreprt Info: File `scrsize11pt.clo' used instead of
(scrreprt)           file `scrsize11.clo' to setup font sizes on input line 2688.
(c:/Users/gabri/AppData/Roaming/TinyTeX/texmf-dist/tex/latex/koma-script/scrsize11pt.clo
File: scrsize11pt.clo 2023/07/07 v3.41 KOMA-Script font size class option (11pt)
) (c:/Users/gabri/AppData/Roaming/TinyTeX/texmf-dist/tex/latex/koma-script/typearea.sty
Package: typearea 2023/07/07 v3.41 KOMA-Script package (type area)
\ta@bcor=\skip50
\ta@div=\count190
Package typearea Info: You've used standard option `letterpaper'.
(typearea)             This is correct!
(typearea)             Internally I'm using `paper=letter'.
(typearea)             If you'd like to set the option with \KOMAoptions,
(typearea)             you'd have to use `paper=letter' there
(typearea)             instead of `letterpaper', too.
\ta@hblk=\skip51
\ta@vblk=\skip52
\ta@temp=\skip53
\footheight=\skip54
Package typearea Info: These are the values describing the layout:
(typearea)             DIV  = 11
(typearea)             BCOR = 0.0pt
(typearea)             \paperwidth      = 614.295pt
(typearea)              \textwidth      = 446.76004pt
(typearea)              DIV departure   = -14%
(typearea)              \evensidemargin = 11.49748pt
(typearea)              \oddsidemargin  = 11.49748pt
(typearea)             \paperheight     = 794.96999pt
(typearea)              \textheight     = 582.20026pt
(typearea)              \topmargin      = -37.40001pt
(typearea)              \headheight     = 17.0pt
(typearea)              \headsep        = 20.40001pt
(typearea)              \topskip        = 11.0pt
(typearea)              \footskip       = 47.6pt
(typearea)              \baselineskip   = 13.6pt
(typearea)              on input line 1799.
)
\c@part=\count191
\c@chapter=\count192
\c@section=\count193
\c@subsection=\count194
\c@subsubsection=\count195
\c@paragraph=\count196
\c@subparagraph=\count197
\scr@dte@chapter@maxnumwidth=\skip55
Class scrreprt Info: using compatibility default `afterindent=bysign'
(scrreprt)           for `\chapter on input line 5994.
\scr@dte@section@maxnumwidth=\skip56
Class scrreprt Info: using compatibility default `runin=bysign'
(scrreprt)           for `\section on input line 6005.
Class scrreprt Info: using compatibility default `afterindent=bysign'
(scrreprt)           for `\section on input line 6005.
\scr@dte@part@maxnumwidth=\skip57
Class scrreprt Info: using compatibility default `afterindent=true'
(scrreprt)           for `\part on input line 6014.
\scr@dte@subsection@maxnumwidth=\skip58
Class scrreprt Info: using compatibility default `runin=bysign'
(scrreprt)           for `\subsection on input line 6024.
Class scrreprt Info: using compatibility default `afterindent=bysign'
(scrreprt)           for `\subsection on input line 6024.
\scr@dte@subsubsection@maxnumwidth=\skip59
Class scrreprt Info: using compatibility default `runin=bysign'
(scrreprt)           for `\subsubsection on input line 6034.
Class scrreprt Info: using compatibility default `afterindent=bysign'
(scrreprt)           for `\subsubsection on input line 6034.
\scr@dte@paragraph@maxnumwidth=\skip60
Class scrreprt Info: using compatibility default `runin=bysign'
(scrreprt)           for `\paragraph on input line 6045.
Class scrreprt Info: using compatibility default `afterindent=bysign'
(scrreprt)           for `\paragraph on input line 6045.
\scr@dte@subparagraph@maxnumwidth=\skip61
Class scrreprt Info: using compatibility default `runin=bysign'
(scrreprt)           for `\subparagraph on input line 6055.
Class scrreprt Info: using compatibility default `afterindent=bysign'
(scrreprt)           for `\subparagraph on input line 6055.
\abovecaptionskip=\skip62
\belowcaptionskip=\skip63
\c@pti@nb@sid@b@x=\box53
Package tocbasic Info: omitting babel extension for `lof'
(tocbasic)             because of feature `nobabel' available
(tocbasic)             for `lof' on input line 7240.
\scr@dte@figure@maxnumwidth=\skip64
\c@figure=\count198
Package tocbasic Info: omitting babel extension for `lot'
(tocbasic)             because of feature `nobabel' available
(tocbasic)             for `lot' on input line 7257.
\scr@dte@table@maxnumwidth=\skip65
\c@table=\count199
Class scrreprt Info: Redefining `\numberline' on input line 7428.
\bibindent=\dimen141
) (c:/Users/gabri/AppData/Roaming/TinyTeX/texmf-dist/tex/latex/amsmath/amsmath.sty
Package: amsmath 2024/05/23 v2.17q AMS math features
\@mathmargin=\skip66
For additional information on amsmath, use the `?' option.
(c:/Users/gabri/AppData/Roaming/TinyTeX/texmf-dist/tex/latex/amsmath/amstext.sty
Package: amstext 2021/08/26 v2.01 AMS text
(c:/Users/gabri/AppData/Roaming/TinyTeX/texmf-dist/tex/latex/amsmath/amsgen.sty
File: amsgen.sty 1999/11/30 v2.0 generic functions
\@emptytoks=\toks18
\ex@=\dimen142
)) (c:/Users/gabri/AppData/Roaming/TinyTeX/texmf-dist/tex/latex/amsmath/amsbsy.sty
Package: amsbsy 1999/11/29 v1.2d Bold Symbols
\pmbraise@=\dimen143
) (c:/Users/gabri/AppData/Roaming/TinyTeX/texmf-dist/tex/latex/amsmath/amsopn.sty
Package: amsopn 2022/04/08 v2.04 operator names
)
\inf@bad=\count266
LaTeX Info: Redefining \frac on input line 233.
\uproot@=\count267
\leftroot@=\count268
LaTeX Info: Redefining \overline on input line 398.
LaTeX Info: Redefining \colon on input line 409.
\classnum@=\count269
\DOTSCASE@=\count270
LaTeX Info: Redefining \ldots on input line 495.
LaTeX Info: Redefining \dots on input line 498.
LaTeX Info: Redefining \cdots on input line 619.
\Mathstrutbox@=\box54
\strutbox@=\box55
LaTeX Info: Redefining \big on input line 721.
LaTeX Info: Redefining \Big on input line 722.
LaTeX Info: Redefining \bigg on input line 723.
LaTeX Info: Redefining \Bigg on input line 724.
\big@size=\dimen144
LaTeX Font Info:    Redeclaring font encoding OML on input line 742.
LaTeX Font Info:    Redeclaring font encoding OMS on input line 743.
\macc@depth=\count271
LaTeX Info: Redefining \bmod on input line 904.
LaTeX Info: Redefining \pmod on input line 909.
LaTeX Info: Redefining \smash on input line 939.
LaTeX Info: Redefining \relbar on input line 969.
LaTeX Info: Redefining \Relbar on input line 970.
\c@MaxMatrixCols=\count272
\dotsspace@=\muskip17
\c@parentequation=\count273
\dspbrk@lvl=\count274
\tag@help=\toks19
\row@=\count275
\column@=\count276
\maxfields@=\count277
\andhelp@=\toks20
\eqnshift@=\dimen145
\alignsep@=\dimen146
\tagshift@=\dimen147
\tagwidth@=\dimen148
\totwidth@=\dimen149
\lineht@=\dimen150
\@envbody=\toks21
\multlinegap=\skip67
\multlinetaggap=\skip68
\mathdisplay@stack=\toks22
LaTeX Info: Redefining \[ on input line 2953.
LaTeX Info: Redefining \] on input line 2954.
) (c:/Users/gabri/AppData/Roaming/TinyTeX/texmf-dist/tex/latex/amsfonts/amssymb.sty
Package: amssymb 2013/01/14 v3.01 AMS font symbols
(c:/Users/gabri/AppData/Roaming/TinyTeX/texmf-dist/tex/latex/amsfonts/amsfonts.sty
Package: amsfonts 2013/01/14 v3.01 Basic AMSFonts support
\symAMSa=\mathgroup4
\symAMSb=\mathgroup5
LaTeX Font Info:    Redeclaring math symbol \hbar on input line 98.
LaTeX Font Info:    Overwriting math alphabet `\mathfrak' in version `bold'
(Font)                  U/euf/m/n --> U/euf/b/n on input line 106.
)) (c:/Users/gabri/AppData/Roaming/TinyTeX/texmf-dist/tex/generic/iftex/iftex.sty
Package: iftex 2022/02/03 v1.0f TeX engine tests
) (c:/Users/gabri/AppData/Roaming/TinyTeX/texmf-dist/tex/latex/unicode-math/unicode-math.sty (c:/Users/gabri/AppData/Roaming/TinyTeX/texmf-dist/tex/latex/l3kernel/expl3.sty
Package: expl3 2024-09-10 L3 programming layer (loader) 
(c:/Users/gabri/AppData/Roaming/TinyTeX/texmf-dist/tex/latex/l3backend/l3backend-xetex.def
File: l3backend-xetex.def 2024-05-08 L3 backend support: XeTeX
\g__graphics_track_int=\count278
\l__pdf_internal_box=\box56
\g__pdf_backend_annotation_int=\count279
\g__pdf_backend_link_int=\count280
))
Package: unicode-math 2023/08/13 v0.8r Unicode maths in XeLaTeX and LuaLaTeX
(c:/Users/gabri/AppData/Roaming/TinyTeX/texmf-dist/tex/latex/unicode-math/unicode-math-xetex.sty
Package: unicode-math-xetex 2023/08/13 v0.8r Unicode maths in XeLaTeX and LuaLaTeX
(c:/Users/gabri/AppData/Roaming/TinyTeX/texmf-dist/tex/latex/l3packages/xparse/xparse.sty
Package: xparse 2024-08-16 L3 Experimental document command parser
) (c:/Users/gabri/AppData/Roaming/TinyTeX/texmf-dist/tex/latex/l3packages/l3keys2e/l3keys2e.sty
Package: l3keys2e 2024-08-16 LaTeX2e option processing using LaTeX3 keys
) (c:/Users/gabri/AppData/Roaming/TinyTeX/texmf-dist/tex/latex/fontspec/fontspec.sty
Package: fontspec 2024/05/11 v2.9e Font selection for XeLaTeX and LuaLaTeX
(c:/Users/gabri/AppData/Roaming/TinyTeX/texmf-dist/tex/latex/fontspec/fontspec-xetex.sty
Package: fontspec-xetex 2024/05/11 v2.9e Font selection for XeLaTeX and LuaLaTeX
\l__fontspec_script_int=\count281
\l__fontspec_language_int=\count282
\l__fontspec_strnum_int=\count283
\l__fontspec_tmp_int=\count284
\l__fontspec_tmpa_int=\count285
\l__fontspec_tmpb_int=\count286
\l__fontspec_tmpc_int=\count287
\l__fontspec_em_int=\count288
\l__fontspec_emdef_int=\count289
\l__fontspec_strong_int=\count290
\l__fontspec_strongdef_int=\count291
\l__fontspec_tmpa_dim=\dimen151
\l__fontspec_tmpb_dim=\dimen152
\l__fontspec_tmpc_dim=\dimen153
(c:/Users/gabri/AppData/Roaming/TinyTeX/texmf-dist/tex/latex/base/fontenc.sty
Package: fontenc 2021/04/29 v2.0v Standard LaTeX package
) (c:/Users/gabri/AppData/Roaming/TinyTeX/texmf-dist/tex/latex/fontspec/fontspec.cfg))) (c:/Users/gabri/AppData/Roaming/TinyTeX/texmf-dist/tex/latex/base/fix-cm.sty
Package: fix-cm 2020/11/24 v1.1t fixes to LaTeX
(c:/Users/gabri/AppData/Roaming/TinyTeX/texmf-dist/tex/latex/base/ts1enc.def
File: ts1enc.def 2001/06/05 v3.0e (jk/car/fm) Standard LaTeX file
LaTeX Font Info:    Redeclaring font encoding TS1 on input line 47.
))
\g__um_fam_int=\count292
\g__um_fonts_used_int=\count293
\l__um_primecount_int=\count294
\g__um_primekern_muskip=\muskip18
(c:/Users/gabri/AppData/Roaming/TinyTeX/texmf-dist/tex/latex/unicode-math/unicode-math-table.tex))) (c:/Users/gabri/AppData/Roaming/TinyTeX/texmf-dist/tex/latex/lm/lmodern.sty
Package: lmodern 2015/05/01 v1.6.1 Latin Modern Fonts
LaTeX Font Info:    Overwriting symbol font `operators' in version `normal'
(Font)                  OT1/cmr/m/n --> OT1/lmr/m/n on input line 22.
LaTeX Font Info:    Overwriting symbol font `letters' in version `normal'
(Font)                  OML/cmm/m/it --> OML/lmm/m/it on input line 23.
LaTeX Font Info:    Overwriting symbol font `symbols' in version `normal'
(Font)                  OMS/cmsy/m/n --> OMS/lmsy/m/n on input line 24.
LaTeX Font Info:    Overwriting symbol font `largesymbols' in version `normal'
(Font)                  OMX/cmex/m/n --> OMX/lmex/m/n on input line 25.
LaTeX Font Info:    Overwriting symbol font `operators' in version `bold'
(Font)                  OT1/cmr/bx/n --> OT1/lmr/bx/n on input line 26.
LaTeX Font Info:    Overwriting symbol font `letters' in version `bold'
(Font)                  OML/cmm/b/it --> OML/lmm/b/it on input line 27.
LaTeX Font Info:    Overwriting symbol font `symbols' in version `bold'
(Font)                  OMS/cmsy/b/n --> OMS/lmsy/b/n on input line 28.
LaTeX Font Info:    Overwriting symbol font `largesymbols' in version `bold'
(Font)                  OMX/cmex/m/n --> OMX/lmex/m/n on input line 29.
LaTeX Font Info:    Overwriting math alphabet `\mathbf' in version `normal'
(Font)                  OT1/cmr/bx/n --> OT1/lmr/bx/n on input line 31.
LaTeX Font Info:    Overwriting math alphabet `\mathsf' in version `normal'
(Font)                  OT1/cmss/m/n --> OT1/lmss/m/n on input line 32.
LaTeX Font Info:    Overwriting math alphabet `\mathit' in version `normal'
(Font)                  OT1/cmr/m/it --> OT1/lmr/m/it on input line 33.
LaTeX Font Info:    Overwriting math alphabet `\mathtt' in version `normal'
(Font)                  OT1/cmtt/m/n --> OT1/lmtt/m/n on input line 34.
LaTeX Font Info:    Overwriting math alphabet `\mathbf' in version `bold'
(Font)                  OT1/cmr/bx/n --> OT1/lmr/bx/n on input line 35.
LaTeX Font Info:    Overwriting math alphabet `\mathsf' in version `bold'
(Font)                  OT1/cmss/bx/n --> OT1/lmss/bx/n on input line 36.
LaTeX Font Info:    Overwriting math alphabet `\mathit' in version `bold'
(Font)                  OT1/cmr/bx/it --> OT1/lmr/bx/it on input line 37.
LaTeX Font Info:    Overwriting math alphabet `\mathtt' in version `bold'
(Font)                  OT1/cmtt/m/n --> OT1/lmtt/m/n on input line 38.
) (c:/Users/gabri/AppData/Roaming/TinyTeX/texmf-dist/tex/latex/upquote/upquote.sty
Package: upquote 2012/04/19 v1.3 upright-quote and grave-accent glyphs in verbatim
(c:/Users/gabri/AppData/Roaming/TinyTeX/texmf-dist/tex/latex/base/textcomp.sty
Package: textcomp 2024/04/24 v2.1b Standard LaTeX package
)) (c:/Users/gabri/AppData/Roaming/TinyTeX/texmf-dist/tex/latex/microtype/microtype.sty
Package: microtype 2024/03/29 v3.1b Micro-typographical refinements (RS)
(c:/Users/gabri/AppData/Roaming/TinyTeX/texmf-dist/tex/latex/etoolbox/etoolbox.sty
Package: etoolbox 2020/10/05 v2.5k e-TeX tools for LaTeX (JAW)
\etb@tempcnta=\count295
)
\MT@toks=\toks23
\MT@tempbox=\box57
\MT@count=\count296
LaTeX Info: Redefining \noprotrusionifhmode on input line 1061.
LaTeX Info: Redefining \leftprotrusion on input line 1062.
\MT@prot@toks=\toks24
LaTeX Info: Redefining \rightprotrusion on input line 1081.
LaTeX Info: Redefining \textls on input line 1392.
\MT@outer@kern=\dimen154
LaTeX Info: Redefining \textmicrotypecontext on input line 2013.
\MT@listname@count=\count297
(c:/Users/gabri/AppData/Roaming/TinyTeX/texmf-dist/tex/latex/microtype/microtype-xetex.def
File: microtype-xetex.def 2024/03/29 v3.1b Definitions specific to xetex (RS)
LaTeX Info: Redefining \lsstyle on input line 238.
)
Package microtype Info: Loading configuration file microtype.cfg.
(c:/Users/gabri/AppData/Roaming/TinyTeX/texmf-dist/tex/latex/microtype/microtype.cfg
File: microtype.cfg 2024/03/29 v3.1b microtype main configuration file (RS)
)) (c:/Users/gabri/AppData/Roaming/TinyTeX/texmf-dist/tex/latex/xcolor/xcolor.sty
Package: xcolor 2024/09/29 v3.02 LaTeX color extensions (UK)
(c:/Users/gabri/AppData/Roaming/TinyTeX/texmf-dist/tex/latex/graphics-cfg/color.cfg
File: color.cfg 2016/01/02 v1.6 sample color configuration
)
Package xcolor Info: Driver file: xetex.def on input line 274.
(c:/Users/gabri/AppData/Roaming/TinyTeX/texmf-dist/tex/latex/graphics-def/xetex.def
File: xetex.def 2022/09/22 v5.0n Graphics/color driver for xetex
) (c:/Users/gabri/AppData/Roaming/TinyTeX/texmf-dist/tex/latex/graphics/mathcolor.ltx)
Package xcolor Info: Model `cmy' substituted by `cmy0' on input line 1349.
Package xcolor Info: Model `RGB' extended on input line 1365.
Package xcolor Info: Model `HTML' substituted by `rgb' on input line 1367.
Package xcolor Info: Model `Hsb' substituted by `hsb' on input line 1368.
Package xcolor Info: Model `tHsb' substituted by `hsb' on input line 1369.
Package xcolor Info: Model `HSB' substituted by `hsb' on input line 1370.
Package xcolor Info: Model `Gray' substituted by `gray' on input line 1371.
Package xcolor Info: Model `wave' substituted by `hsb' on input line 1372.
) (c:/Users/gabri/AppData/Roaming/TinyTeX/texmf-dist/tex/latex/graphics/dvipsnam.def
File: dvipsnam.def 2016/06/17 v3.0m Driver-dependent file (DPC,SPQR)
) (c:/Users/gabri/AppData/Roaming/TinyTeX/texmf-dist/tex/latex/xcolor/svgnam.def
File: svgnam.def 2024/09/29 v3.02 Predefined colors according to SVG 1.1 (UK)
) (c:/Users/gabri/AppData/Roaming/TinyTeX/texmf-dist/tex/latex/xcolor/x11nam.def
File: x11nam.def 2024/09/29 v3.02 Predefined colors according to Unix/X11 (UK)
) (c:/Users/gabri/AppData/Roaming/TinyTeX/texmf-dist/tex/latex/fancyvrb/fancyvrb.sty
Package: fancyvrb 2024/01/20 4.5c verbatim text (tvz,hv)
\FV@CodeLineNo=\count298
\FV@InFile=\read2
\FV@TabBox=\box58
\c@FancyVerbLine=\count299
\FV@StepNumber=\count300
\FV@OutFile=\write3
) (c:/Users/gabri/AppData/Roaming/TinyTeX/texmf-dist/tex/latex/framed/framed.sty
Package: framed 2011/10/22 v 0.96: framed or shaded text with page breaks
\OuterFrameSep=\skip69
\fb@frw=\dimen155
\fb@frh=\dimen156
\FrameRule=\dimen157
\FrameSep=\dimen158
) (c:/Users/gabri/AppData/Roaming/TinyTeX/texmf-dist/tex/latex/tools/longtable.sty
Package: longtable 2024-04-26 v4.20 Multi-page Table package (DPC)
\LTleft=\skip70
\LTright=\skip71
\LTpre=\skip72
\LTpost=\skip73
\LTchunksize=\count301
\LTcapwidth=\dimen159
\LT@head=\box59
\LT@firsthead=\box60
\LT@foot=\box61
\LT@lastfoot=\box62
\LT@gbox=\box63
\LT@cols=\count302
\LT@rows=\count303
\c@LT@tables=\count304
\c@LT@chunks=\count305
\LT@p@ftn=\toks25
)
Class scrreprt Info: longtable captions redefined on input line 98.
(c:/Users/gabri/AppData/Roaming/TinyTeX/texmf-dist/tex/latex/booktabs/booktabs.sty
Package: booktabs 2020/01/12 v1.61803398 Publication quality tables
\heavyrulewidth=\dimen160
\lightrulewidth=\dimen161
\cmidrulewidth=\dimen162
\belowrulesep=\dimen163
\belowbottomsep=\dimen164
\aboverulesep=\dimen165
\abovetopsep=\dimen166
\cmidrulesep=\dimen167
\cmidrulekern=\dimen168
\defaultaddspace=\dimen169
\@cmidla=\count306
\@cmidlb=\count307
\@aboverulesep=\dimen170
\@belowrulesep=\dimen171
\@thisruleclass=\count308
\@lastruleclass=\count309
\@thisrulewidth=\dimen172
) (c:/Users/gabri/AppData/Roaming/TinyTeX/texmf-dist/tex/latex/tools/array.sty
Package: array 2024/06/14 v2.6d Tabular extension package (FMi)
\col@sep=\dimen173
\ar@mcellbox=\box64
\extrarowheight=\dimen174
\NC@list=\toks26
\extratabsurround=\skip74
\backup@length=\skip75
\ar@cellbox=\box65
) (c:/Users/gabri/AppData/Roaming/TinyTeX/texmf-dist/tex/latex/tools/calc.sty
Package: calc 2023/07/08 v4.3 Infix arithmetic (KKT,FJ)
\calc@Acount=\count310
\calc@Bcount=\count311
\calc@Adimen=\dimen175
\calc@Bdimen=\dimen176
\calc@Askip=\skip76
\calc@Bskip=\skip77
LaTeX Info: Redefining \setlength on input line 80.
LaTeX Info: Redefining \addtolength on input line 81.
\calc@Ccount=\count312
\calc@Cskip=\skip78
) (c:/Users/gabri/AppData/Roaming/TinyTeX/texmf-dist/tex/latex/mdwtools/footnote.sty
Package: footnote 1997/01/28 1.13 Save footnotes around boxes
\fn@notes=\box66
\fn@width=\dimen177
) (c:/Users/gabri/AppData/Roaming/TinyTeX/texmf-dist/tex/latex/graphics/graphicx.sty
Package: graphicx 2021/09/16 v1.2d Enhanced LaTeX Graphics (DPC,SPQR)
(c:/Users/gabri/AppData/Roaming/TinyTeX/texmf-dist/tex/latex/graphics/graphics.sty
Package: graphics 2024/05/23 v1.4g Standard LaTeX Graphics (DPC,SPQR)
(c:/Users/gabri/AppData/Roaming/TinyTeX/texmf-dist/tex/latex/graphics/trig.sty
Package: trig 2023/12/02 v1.11 sin cos tan (DPC)
) (c:/Users/gabri/AppData/Roaming/TinyTeX/texmf-dist/tex/latex/graphics-cfg/graphics.cfg
File: graphics.cfg 2016/06/04 v1.11 sample graphics configuration
)
Package graphics Info: Driver file: xetex.def on input line 106.
)
\Gin@req@height=\dimen178
\Gin@req@width=\dimen179
) (c:/Users/gabri/AppData/Roaming/TinyTeX/texmf-dist/tex/latex/tcolorbox/tcolorbox.sty
Package: tcolorbox 2024/09/27 version 6.4.0 text color boxes
(c:/Users/gabri/AppData/Roaming/TinyTeX/texmf-dist/tex/latex/pgf/frontendlayer/tikz.sty (c:/Users/gabri/AppData/Roaming/TinyTeX/texmf-dist/tex/latex/pgf/basiclayer/pgf.sty (c:/Users/gabri/AppData/Roaming/TinyTeX/texmf-dist/tex/latex/pgf/utilities/pgfrcs.sty (c:/Users/gabri/AppData/Roaming/TinyTeX/texmf-dist/tex/generic/pgf/utilities/pgfutil-common.tex
\pgfutil@everybye=\toks27
\pgfutil@tempdima=\dimen180
\pgfutil@tempdimb=\dimen181
) (c:/Users/gabri/AppData/Roaming/TinyTeX/texmf-dist/tex/generic/pgf/utilities/pgfutil-latex.def
\pgfutil@abb=\box67
) (c:/Users/gabri/AppData/Roaming/TinyTeX/texmf-dist/tex/generic/pgf/utilities/pgfrcs.code.tex (c:/Users/gabri/AppData/Roaming/TinyTeX/texmf-dist/tex/generic/pgf/pgf.revision.tex)
Package: pgfrcs 2023-01-15 v3.1.10 (3.1.10)
))
Package: pgf 2023-01-15 v3.1.10 (3.1.10)
(c:/Users/gabri/AppData/Roaming/TinyTeX/texmf-dist/tex/latex/pgf/basiclayer/pgfcore.sty (c:/Users/gabri/AppData/Roaming/TinyTeX/texmf-dist/tex/latex/pgf/systemlayer/pgfsys.sty (c:/Users/gabri/AppData/Roaming/TinyTeX/texmf-dist/tex/generic/pgf/systemlayer/pgfsys.code.tex
Package: pgfsys 2023-01-15 v3.1.10 (3.1.10)
(c:/Users/gabri/AppData/Roaming/TinyTeX/texmf-dist/tex/generic/pgf/utilities/pgfkeys.code.tex
\pgfkeys@pathtoks=\toks28
\pgfkeys@temptoks=\toks29
(c:/Users/gabri/AppData/Roaming/TinyTeX/texmf-dist/tex/generic/pgf/utilities/pgfkeyslibraryfiltered.code.tex
\pgfkeys@tmptoks=\toks30
))
\pgf@x=\dimen182
\pgf@y=\dimen183
\pgf@xa=\dimen184
\pgf@ya=\dimen185
\pgf@xb=\dimen186
\pgf@yb=\dimen187
\pgf@xc=\dimen188
\pgf@yc=\dimen189
\pgf@xd=\dimen190
\pgf@yd=\dimen191
\w@pgf@writea=\write4
\r@pgf@reada=\read3
\c@pgf@counta=\count313
\c@pgf@countb=\count314
\c@pgf@countc=\count315
\c@pgf@countd=\count316
\t@pgf@toka=\toks31
\t@pgf@tokb=\toks32
\t@pgf@tokc=\toks33
\pgf@sys@id@count=\count317
(c:/Users/gabri/AppData/Roaming/TinyTeX/texmf-dist/tex/generic/pgf/systemlayer/pgf.cfg
File: pgf.cfg 2023-01-15 v3.1.10 (3.1.10)
)
Driver file for pgf: pgfsys-xetex.def
(c:/Users/gabri/AppData/Roaming/TinyTeX/texmf-dist/tex/generic/pgf/systemlayer/pgfsys-xetex.def
File: pgfsys-xetex.def 2023-01-15 v3.1.10 (3.1.10)
(c:/Users/gabri/AppData/Roaming/TinyTeX/texmf-dist/tex/generic/pgf/systemlayer/pgfsys-dvipdfmx.def
File: pgfsys-dvipdfmx.def 2023-01-15 v3.1.10 (3.1.10)
(c:/Users/gabri/AppData/Roaming/TinyTeX/texmf-dist/tex/generic/pgf/systemlayer/pgfsys-common-pdf.def
File: pgfsys-common-pdf.def 2023-01-15 v3.1.10 (3.1.10)
)
\pgfsys@objnum=\count318
))) (c:/Users/gabri/AppData/Roaming/TinyTeX/texmf-dist/tex/generic/pgf/systemlayer/pgfsyssoftpath.code.tex
File: pgfsyssoftpath.code.tex 2023-01-15 v3.1.10 (3.1.10)
\pgfsyssoftpath@smallbuffer@items=\count319
\pgfsyssoftpath@bigbuffer@items=\count320
) (c:/Users/gabri/AppData/Roaming/TinyTeX/texmf-dist/tex/generic/pgf/systemlayer/pgfsysprotocol.code.tex
File: pgfsysprotocol.code.tex 2023-01-15 v3.1.10 (3.1.10)
)) (c:/Users/gabri/AppData/Roaming/TinyTeX/texmf-dist/tex/generic/pgf/basiclayer/pgfcore.code.tex
Package: pgfcore 2023-01-15 v3.1.10 (3.1.10)
(c:/Users/gabri/AppData/Roaming/TinyTeX/texmf-dist/tex/generic/pgf/math/pgfmath.code.tex (c:/Users/gabri/AppData/Roaming/TinyTeX/texmf-dist/tex/generic/pgf/math/pgfmathutil.code.tex) (c:/Users/gabri/AppData/Roaming/TinyTeX/texmf-dist/tex/generic/pgf/math/pgfmathparser.code.tex
\pgfmath@dimen=\dimen192
\pgfmath@count=\count321
\pgfmath@box=\box68
\pgfmath@toks=\toks34
\pgfmath@stack@operand=\toks35
\pgfmath@stack@operation=\toks36
) (c:/Users/gabri/AppData/Roaming/TinyTeX/texmf-dist/tex/generic/pgf/math/pgfmathfunctions.code.tex) (c:/Users/gabri/AppData/Roaming/TinyTeX/texmf-dist/tex/generic/pgf/math/pgfmathfunctions.basic.code.tex) (c:/Users/gabri/AppData/Roaming/TinyTeX/texmf-dist/tex/generic/pgf/math/pgfmathfunctions.trigonometric.code.tex) (c:/Users/gabri/AppData/Roaming/TinyTeX/texmf-dist/tex/generic/pgf/math/pgfmathfunctions.random.code.tex) (c:/Users/gabri/AppData/Roaming/TinyTeX/texmf-dist/tex/generic/pgf/math/pgfmathfunctions.comparison.code.tex) (c:/Users/gabri/AppData/Roaming/TinyTeX/texmf-dist/tex/generic/pgf/math/pgfmathfunctions.base.code.tex) (c:/Users/gabri/AppData/Roaming/TinyTeX/texmf-dist/tex/generic/pgf/math/pgfmathfunctions.round.code.tex) (c:/Users/gabri/AppData/Roaming/TinyTeX/texmf-dist/tex/generic/pgf/math/pgfmathfunctions.misc.code.tex) (c:/Users/gabri/AppData/Roaming/TinyTeX/texmf-dist/tex/generic/pgf/math/pgfmathfunctions.integerarithmetics.code.tex) (c:/Users/gabri/AppData/Roaming/TinyTeX/texmf-dist/tex/generic/pgf/math/pgfmathcalc.code.tex) (c:/Users/gabri/AppData/Roaming/TinyTeX/texmf-dist/tex/generic/pgf/math/pgfmathfloat.code.tex
\c@pgfmathroundto@lastzeros=\count322
)) (c:/Users/gabri/AppData/Roaming/TinyTeX/texmf-dist/tex/generic/pgf/math/pgfint.code.tex) (c:/Users/gabri/AppData/Roaming/TinyTeX/texmf-dist/tex/generic/pgf/basiclayer/pgfcorepoints.code.tex
File: pgfcorepoints.code.tex 2023-01-15 v3.1.10 (3.1.10)
\pgf@picminx=\dimen193
\pgf@picmaxx=\dimen194
\pgf@picminy=\dimen195
\pgf@picmaxy=\dimen196
\pgf@pathminx=\dimen197
\pgf@pathmaxx=\dimen198
\pgf@pathminy=\dimen199
\pgf@pathmaxy=\dimen256
\pgf@xx=\dimen257
\pgf@xy=\dimen258
\pgf@yx=\dimen259
\pgf@yy=\dimen260
\pgf@zx=\dimen261
\pgf@zy=\dimen262
) (c:/Users/gabri/AppData/Roaming/TinyTeX/texmf-dist/tex/generic/pgf/basiclayer/pgfcorepathconstruct.code.tex
File: pgfcorepathconstruct.code.tex 2023-01-15 v3.1.10 (3.1.10)
\pgf@path@lastx=\dimen263
\pgf@path@lasty=\dimen264
) (c:/Users/gabri/AppData/Roaming/TinyTeX/texmf-dist/tex/generic/pgf/basiclayer/pgfcorepathusage.code.tex
File: pgfcorepathusage.code.tex 2023-01-15 v3.1.10 (3.1.10)
\pgf@shorten@end@additional=\dimen265
\pgf@shorten@start@additional=\dimen266
) (c:/Users/gabri/AppData/Roaming/TinyTeX/texmf-dist/tex/generic/pgf/basiclayer/pgfcorescopes.code.tex
File: pgfcorescopes.code.tex 2023-01-15 v3.1.10 (3.1.10)
\pgfpic=\box69
\pgf@hbox=\box70
\pgf@layerbox@main=\box71
\pgf@picture@serial@count=\count323
) (c:/Users/gabri/AppData/Roaming/TinyTeX/texmf-dist/tex/generic/pgf/basiclayer/pgfcoregraphicstate.code.tex
File: pgfcoregraphicstate.code.tex 2023-01-15 v3.1.10 (3.1.10)
\pgflinewidth=\dimen267
) (c:/Users/gabri/AppData/Roaming/TinyTeX/texmf-dist/tex/generic/pgf/basiclayer/pgfcoretransformations.code.tex
File: pgfcoretransformations.code.tex 2023-01-15 v3.1.10 (3.1.10)
\pgf@pt@x=\dimen268
\pgf@pt@y=\dimen269
\pgf@pt@temp=\dimen270
) (c:/Users/gabri/AppData/Roaming/TinyTeX/texmf-dist/tex/generic/pgf/basiclayer/pgfcorequick.code.tex
File: pgfcorequick.code.tex 2023-01-15 v3.1.10 (3.1.10)
) (c:/Users/gabri/AppData/Roaming/TinyTeX/texmf-dist/tex/generic/pgf/basiclayer/pgfcoreobjects.code.tex
File: pgfcoreobjects.code.tex 2023-01-15 v3.1.10 (3.1.10)
) (c:/Users/gabri/AppData/Roaming/TinyTeX/texmf-dist/tex/generic/pgf/basiclayer/pgfcorepathprocessing.code.tex
File: pgfcorepathprocessing.code.tex 2023-01-15 v3.1.10 (3.1.10)
) (c:/Users/gabri/AppData/Roaming/TinyTeX/texmf-dist/tex/generic/pgf/basiclayer/pgfcorearrows.code.tex
File: pgfcorearrows.code.tex 2023-01-15 v3.1.10 (3.1.10)
\pgfarrowsep=\dimen271
) (c:/Users/gabri/AppData/Roaming/TinyTeX/texmf-dist/tex/generic/pgf/basiclayer/pgfcoreshade.code.tex
File: pgfcoreshade.code.tex 2023-01-15 v3.1.10 (3.1.10)
\pgf@max=\dimen272
\pgf@sys@shading@range@num=\count324
\pgf@shadingcount=\count325
) (c:/Users/gabri/AppData/Roaming/TinyTeX/texmf-dist/tex/generic/pgf/basiclayer/pgfcoreimage.code.tex
File: pgfcoreimage.code.tex 2023-01-15 v3.1.10 (3.1.10)
) (c:/Users/gabri/AppData/Roaming/TinyTeX/texmf-dist/tex/generic/pgf/basiclayer/pgfcoreexternal.code.tex
File: pgfcoreexternal.code.tex 2023-01-15 v3.1.10 (3.1.10)
\pgfexternal@startupbox=\box72
) (c:/Users/gabri/AppData/Roaming/TinyTeX/texmf-dist/tex/generic/pgf/basiclayer/pgfcorelayers.code.tex
File: pgfcorelayers.code.tex 2023-01-15 v3.1.10 (3.1.10)
) (c:/Users/gabri/AppData/Roaming/TinyTeX/texmf-dist/tex/generic/pgf/basiclayer/pgfcoretransparency.code.tex
File: pgfcoretransparency.code.tex 2023-01-15 v3.1.10 (3.1.10)
) (c:/Users/gabri/AppData/Roaming/TinyTeX/texmf-dist/tex/generic/pgf/basiclayer/pgfcorepatterns.code.tex
File: pgfcorepatterns.code.tex 2023-01-15 v3.1.10 (3.1.10)
) (c:/Users/gabri/AppData/Roaming/TinyTeX/texmf-dist/tex/generic/pgf/basiclayer/pgfcorerdf.code.tex
File: pgfcorerdf.code.tex 2023-01-15 v3.1.10 (3.1.10)
))) (c:/Users/gabri/AppData/Roaming/TinyTeX/texmf-dist/tex/generic/pgf/modules/pgfmoduleshapes.code.tex
File: pgfmoduleshapes.code.tex 2023-01-15 v3.1.10 (3.1.10)
\pgfnodeparttextbox=\box73
) (c:/Users/gabri/AppData/Roaming/TinyTeX/texmf-dist/tex/generic/pgf/modules/pgfmoduleplot.code.tex
File: pgfmoduleplot.code.tex 2023-01-15 v3.1.10 (3.1.10)
) (c:/Users/gabri/AppData/Roaming/TinyTeX/texmf-dist/tex/latex/pgf/compatibility/pgfcomp-version-0-65.sty
Package: pgfcomp-version-0-65 2023-01-15 v3.1.10 (3.1.10)
\pgf@nodesepstart=\dimen273
\pgf@nodesepend=\dimen274
) (c:/Users/gabri/AppData/Roaming/TinyTeX/texmf-dist/tex/latex/pgf/compatibility/pgfcomp-version-1-18.sty
Package: pgfcomp-version-1-18 2023-01-15 v3.1.10 (3.1.10)
)) (c:/Users/gabri/AppData/Roaming/TinyTeX/texmf-dist/tex/latex/pgf/utilities/pgffor.sty (c:/Users/gabri/AppData/Roaming/TinyTeX/texmf-dist/tex/latex/pgf/utilities/pgfkeys.sty (c:/Users/gabri/AppData/Roaming/TinyTeX/texmf-dist/tex/generic/pgf/utilities/pgfkeys.code.tex)) (c:/Users/gabri/AppData/Roaming/TinyTeX/texmf-dist/tex/latex/pgf/math/pgfmath.sty (c:/Users/gabri/AppData/Roaming/TinyTeX/texmf-dist/tex/generic/pgf/math/pgfmath.code.tex)) (c:/Users/gabri/AppData/Roaming/TinyTeX/texmf-dist/tex/generic/pgf/utilities/pgffor.code.tex
Package: pgffor 2023-01-15 v3.1.10 (3.1.10)
\pgffor@iter=\dimen275
\pgffor@skip=\dimen276
\pgffor@stack=\toks37
\pgffor@toks=\toks38
)) (c:/Users/gabri/AppData/Roaming/TinyTeX/texmf-dist/tex/generic/pgf/frontendlayer/tikz/tikz.code.tex
Package: tikz 2023-01-15 v3.1.10 (3.1.10)
(c:/Users/gabri/AppData/Roaming/TinyTeX/texmf-dist/tex/generic/pgf/libraries/pgflibraryplothandlers.code.tex
File: pgflibraryplothandlers.code.tex 2023-01-15 v3.1.10 (3.1.10)
\pgf@plot@mark@count=\count326
\pgfplotmarksize=\dimen277
)
\tikz@lastx=\dimen278
\tikz@lasty=\dimen279
\tikz@lastxsaved=\dimen280
\tikz@lastysaved=\dimen281
\tikz@lastmovetox=\dimen282
\tikz@lastmovetoy=\dimen283
\tikzleveldistance=\dimen284
\tikzsiblingdistance=\dimen285
\tikz@figbox=\box74
\tikz@figbox@bg=\box75
\tikz@tempbox=\box76
\tikz@tempbox@bg=\box77
\tikztreelevel=\count327
\tikznumberofchildren=\count328
\tikznumberofcurrentchild=\count329
\tikz@fig@count=\count330
(c:/Users/gabri/AppData/Roaming/TinyTeX/texmf-dist/tex/generic/pgf/modules/pgfmodulematrix.code.tex
File: pgfmodulematrix.code.tex 2023-01-15 v3.1.10 (3.1.10)
\pgfmatrixcurrentrow=\count331
\pgfmatrixcurrentcolumn=\count332
\pgf@matrix@numberofcolumns=\count333
)
\tikz@expandcount=\count334
(c:/Users/gabri/AppData/Roaming/TinyTeX/texmf-dist/tex/generic/pgf/frontendlayer/tikz/libraries/tikzlibrarytopaths.code.tex
File: tikzlibrarytopaths.code.tex 2023-01-15 v3.1.10 (3.1.10)
))) (c:/Users/gabri/AppData/Roaming/TinyTeX/texmf-dist/tex/latex/tools/verbatim.sty
Package: verbatim 2024-01-22 v1.5x LaTeX2e package for verbatim enhancements
\every@verbatim=\toks39
\verbatim@line=\toks40
\verbatim@in@stream=\read4
) (c:/Users/gabri/AppData/Roaming/TinyTeX/texmf-dist/tex/latex/environ/environ.sty
Package: environ 2014/05/04 v0.3 A new way to define environments
(c:/Users/gabri/AppData/Roaming/TinyTeX/texmf-dist/tex/latex/trimspaces/trimspaces.sty
Package: trimspaces 2009/09/17 v1.1 Trim spaces around a token list
))
\tcb@titlebox=\box78
\tcb@upperbox=\box79
\tcb@lowerbox=\box80
\tcb@phantombox=\box81
\c@tcbbreakpart=\count335
\c@tcblayer=\count336
\c@tcolorbox@number=\count337
\l__tcobox_tmpa_box=\box82
\l__tcobox_tmpa_dim=\dimen286
\tcb@temp=\box83
\tcb@temp=\box84
\tcb@temp=\box85
\tcb@temp=\box86
(c:/Users/gabri/AppData/Roaming/TinyTeX/texmf-dist/tex/latex/tcolorbox/tcbskins.code.tex
Library (tcolorbox): 'tcbskins.code.tex' version '6.4.0'
(c:/Users/gabri/AppData/Roaming/TinyTeX/texmf-dist/tex/latex/tikzfill/tikzfill.image.sty
Package: tikzfill.image 2023/08/08 v1.0.1 Image filling library for TikZ
(c:/Users/gabri/AppData/Roaming/TinyTeX/texmf-dist/tex/latex/tikzfill/tikzfill-common.sty
Package: tikzfill-common 2023/08/08 v1.0.1 Auxiliary code for tikzfill
) (c:/Users/gabri/AppData/Roaming/TinyTeX/texmf-dist/tex/latex/tikzfill/tikzlibraryfill.image.code.tex
File: tikzlibraryfill.image.code.tex 2023/08/08 v1.0.1 Image filling library
\l__tikzfill_img_box=\box87
)) (c:/Users/gabri/AppData/Roaming/TinyTeX/texmf-dist/tex/latex/tcolorbox/tcbskinsjigsaw.code.tex
Library (tcolorbox): 'tcbskinsjigsaw.code.tex' version '6.4.0'
)) (c:/Users/gabri/AppData/Roaming/TinyTeX/texmf-dist/tex/latex/tcolorbox/tcbbreakable.code.tex
Library (tcolorbox): 'tcbbreakable.code.tex' version '6.4.0'
(c:/Users/gabri/AppData/Roaming/TinyTeX/texmf-dist/tex/latex/pdfcol/pdfcol.sty
Package: pdfcol 2022-09-21 v1.7 Handle new color stacks for pdfTeX (HO)
(c:/Users/gabri/AppData/Roaming/TinyTeX/texmf-dist/tex/generic/ltxcmds/ltxcmds.sty
Package: ltxcmds 2023-12-04 v1.26 LaTeX kernel commands for general use (HO)
) (c:/Users/gabri/AppData/Roaming/TinyTeX/texmf-dist/tex/generic/infwarerr/infwarerr.sty
Package: infwarerr 2019/12/03 v1.5 Providing info/warning/error messages (HO)
)
Package pdfcol Info: Interface disabled because of missing PDF mode of pdfTeX.
)
Package pdfcol Info: pdfTeX's color stacks are not available.
\tcb@testbox=\box88
\tcb@totalupperbox=\box89
\tcb@totallowerbox=\box90
)) (c:/Users/gabri/AppData/Roaming/TinyTeX/texmf-dist/tex/latex/fontawesome5/fontawesome5.sty
Package: fontawesome5 2022/05/02 v5.15.4 Font Awesome 5
(c:/Users/gabri/AppData/Roaming/TinyTeX/texmf-dist/tex/latex/fontawesome5/fontawesome5-utex-helper.sty
Package: fontawesome5-utex-helper 2022/05/02 v5.15.4 uTeX helper for fontawesome5
LaTeX Font Info:    Trying to load font information for TU+fontawesomefree on input line 69.
(c:/Users/gabri/AppData/Roaming/TinyTeX/texmf-dist/tex/latex/fontawesome5/tufontawesomefree.fd)
LaTeX Font Info:    Trying to load font information for TU+fontawesomebrands on input line 70.
(c:/Users/gabri/AppData/Roaming/TinyTeX/texmf-dist/tex/latex/fontawesome5/tufontawesomebrands.fd))) (c:/Users/gabri/AppData/Roaming/TinyTeX/texmf-dist/tex/latex/bookmark/bookmark.sty
Package: bookmark 2023-12-10 v1.31 PDF bookmarks (HO)
(c:/Users/gabri/AppData/Roaming/TinyTeX/texmf-dist/tex/latex/hyperref/hyperref.sty
Package: hyperref 2024-07-10 v7.01j Hypertext links for LaTeX
(c:/Users/gabri/AppData/Roaming/TinyTeX/texmf-dist/tex/latex/kvsetkeys/kvsetkeys.sty
Package: kvsetkeys 2022-10-05 v1.19 Key value parser (HO)
) (c:/Users/gabri/AppData/Roaming/TinyTeX/texmf-dist/tex/generic/kvdefinekeys/kvdefinekeys.sty
Package: kvdefinekeys 2019-12-19 v1.6 Define keys (HO)
) (c:/Users/gabri/AppData/Roaming/TinyTeX/texmf-dist/tex/generic/pdfescape/pdfescape.sty
Package: pdfescape 2019/12/09 v1.15 Implements pdfTeX's escape features (HO)
(c:/Users/gabri/AppData/Roaming/TinyTeX/texmf-dist/tex/generic/pdftexcmds/pdftexcmds.sty
Package: pdftexcmds 2020-06-27 v0.33 Utility functions of pdfTeX for LuaTeX (HO)
Package pdftexcmds Info: \pdf@primitive is available.
Package pdftexcmds Info: \pdf@ifprimitive is available.
Package pdftexcmds Info: \pdfdraftmode not found.
)) (c:/Users/gabri/AppData/Roaming/TinyTeX/texmf-dist/tex/latex/hycolor/hycolor.sty
Package: hycolor 2020-01-27 v1.10 Color options for hyperref/bookmark (HO)
) (c:/Users/gabri/AppData/Roaming/TinyTeX/texmf-dist/tex/latex/hyperref/nameref.sty
Package: nameref 2023-11-26 v2.56 Cross-referencing by name of section
(c:/Users/gabri/AppData/Roaming/TinyTeX/texmf-dist/tex/latex/refcount/refcount.sty
Package: refcount 2019/12/15 v3.6 Data extraction from label references (HO)
) (c:/Users/gabri/AppData/Roaming/TinyTeX/texmf-dist/tex/generic/gettitlestring/gettitlestring.sty
Package: gettitlestring 2019/12/15 v1.6 Cleanup title references (HO)
(c:/Users/gabri/AppData/Roaming/TinyTeX/texmf-dist/tex/latex/kvoptions/kvoptions.sty
Package: kvoptions 2022-06-15 v3.15 Key value format for package options (HO)
))
\c@section@level=\count338
) (c:/Users/gabri/AppData/Roaming/TinyTeX/texmf-dist/tex/generic/stringenc/stringenc.sty
Package: stringenc 2019/11/29 v1.12 Convert strings between diff. encodings (HO)
)
\@linkdim=\dimen287
\Hy@linkcounter=\count339
\Hy@pagecounter=\count340
(c:/Users/gabri/AppData/Roaming/TinyTeX/texmf-dist/tex/latex/hyperref/pd1enc.def
File: pd1enc.def 2024-07-10 v7.01j Hyperref: PDFDocEncoding definition (HO)
) (c:/Users/gabri/AppData/Roaming/TinyTeX/texmf-dist/tex/generic/intcalc/intcalc.sty
Package: intcalc 2019/12/15 v1.3 Expandable calculations with integers (HO)
)
\Hy@SavedSpaceFactor=\count341
(c:/Users/gabri/AppData/Roaming/TinyTeX/texmf-dist/tex/latex/hyperref/puenc.def
File: puenc.def 2024-07-10 v7.01j Hyperref: PDF Unicode definition (HO)
)
Package hyperref Info: Option `unicode' set `true' on input line 4040.
Package hyperref Info: Hyper figures OFF on input line 4157.
Package hyperref Info: Link nesting OFF on input line 4162.
Package hyperref Info: Hyper index ON on input line 4165.
Package hyperref Info: Plain pages OFF on input line 4172.
Package hyperref Info: Backreferencing OFF on input line 4177.
Package hyperref Info: Implicit mode ON; LaTeX internals redefined.
Package hyperref Info: Bookmarks ON on input line 4424.
\c@Hy@tempcnt=\count342
(c:/Users/gabri/AppData/Roaming/TinyTeX/texmf-dist/tex/latex/url/url.sty
\Urlmuskip=\muskip19
Package: url 2013/09/16  ver 3.4  Verb mode for urls, etc.
)
LaTeX Info: Redefining \url on input line 4763.
\XeTeXLinkMargin=\dimen288
(c:/Users/gabri/AppData/Roaming/TinyTeX/texmf-dist/tex/generic/bitset/bitset.sty
Package: bitset 2019/12/09 v1.3 Handle bit-vector datatype (HO)
(c:/Users/gabri/AppData/Roaming/TinyTeX/texmf-dist/tex/generic/bigintcalc/bigintcalc.sty
Package: bigintcalc 2019/12/15 v1.5 Expandable calculations on big integers (HO)
))
\Fld@menulength=\count343
\Field@Width=\dimen289
\Fld@charsize=\dimen290
Package hyperref Info: Hyper figures OFF on input line 6042.
Package hyperref Info: Link nesting OFF on input line 6047.
Package hyperref Info: Hyper index ON on input line 6050.
Package hyperref Info: backreferencing OFF on input line 6057.
Package hyperref Info: Link coloring OFF on input line 6062.
Package hyperref Info: Link coloring with OCG OFF on input line 6067.
Package hyperref Info: PDF/A mode OFF on input line 6072.
(c:/Users/gabri/AppData/Roaming/TinyTeX/texmf-dist/tex/latex/base/atbegshi-ltx.sty
Package: atbegshi-ltx 2021/01/10 v1.0c Emulation of the original atbegshi
package with kernel methods
)
\Hy@abspage=\count344
\c@Item=\count345
\c@Hfootnote=\count346
)
Package hyperref Info: Driver (autodetected): hxetex.
(c:/Users/gabri/AppData/Roaming/TinyTeX/texmf-dist/tex/latex/hyperref/hxetex.def
File: hxetex.def 2024-07-10 v7.01j Hyperref driver for XeTeX
\pdfm@box=\box91
\c@Hy@AnnotLevel=\count347
\HyField@AnnotCount=\count348
\Fld@listcount=\count349
\c@bookmark@seq@number=\count350
(c:/Users/gabri/AppData/Roaming/TinyTeX/texmf-dist/tex/latex/rerunfilecheck/rerunfilecheck.sty
Package: rerunfilecheck 2022-07-10 v1.10 Rerun checks for auxiliary files (HO)
(c:/Users/gabri/AppData/Roaming/TinyTeX/texmf-dist/tex/latex/base/atveryend-ltx.sty
Package: atveryend-ltx 2020/08/19 v1.0a Emulation of the original atveryend package
with kernel methods
) (c:/Users/gabri/AppData/Roaming/TinyTeX/texmf-dist/tex/generic/uniquecounter/uniquecounter.sty
Package: uniquecounter 2019/12/15 v1.4 Provide unlimited unique counter (HO)
)
Package uniquecounter Info: New unique counter `rerunfilecheck' on input line 285.
)
\Hy@SectionHShift=\skip79
) (c:/Users/gabri/AppData/Roaming/TinyTeX/texmf-dist/tex/latex/bookmark/bkm-dvipdfm.def
File: bkm-dvipdfm.def 2023-12-10 v1.31 bookmark driver for dvipdfm (HO)
\BKM@id=\count351
)) (c:/Users/gabri/AppData/Roaming/TinyTeX/texmf-dist/tex/latex/caption/caption.sty
Package: caption 2023/08/05 v3.6o Customizing captions (AR)
(c:/Users/gabri/AppData/Roaming/TinyTeX/texmf-dist/tex/latex/caption/caption3.sty
Package: caption3 2023/07/31 v2.4d caption3 kernel (AR)
\caption@tempdima=\dimen291
\captionmargin=\dimen292
\caption@leftmargin=\dimen293
\caption@rightmargin=\dimen294
\caption@width=\dimen295
\caption@indent=\dimen296
\caption@parindent=\dimen297
\caption@hangindent=\dimen298
Package caption Info: KOMA-Script document class detected.
(c:/Users/gabri/AppData/Roaming/TinyTeX/texmf-dist/tex/latex/caption/caption-koma.sto
File: caption-koma.sto 2023/09/08 v2.0e Adaption of the caption package to the KOMA-Script document classes (AR)
))
\c@caption@flags=\count352
\c@continuedfloat=\count353
Package caption Info: hyperref package is loaded.
Package caption Info: longtable package is loaded.
(c:/Users/gabri/AppData/Roaming/TinyTeX/texmf-dist/tex/latex/caption/ltcaption.sty
Package: ltcaption 2021/01/08 v1.4c longtable captions (AR)
)
Package caption Info: KOMA-Script scrextend package detected.
\caption@addmargin@hsize=\dimen299
\caption@addmargin@linewidth=\dimen300
) (c:/Users/gabri/AppData/Roaming/TinyTeX/texmf-dist/tex/latex/float/float.sty
Package: float 2001/11/08 v1.3d Float enhancements (AL)
\c@float@type=\count354
\float@exts=\toks41
\float@box=\box92
\@float@everytoks=\toks42
\@floatcapt=\box93
)
\@float@every@codelisting=\toks43
\c@codelisting=\count355
(c:/Users/gabri/AppData/Roaming/TinyTeX/texmf-dist/tex/latex/caption/subcaption.sty
Package: subcaption 2023/07/28 v1.6b Sub-captions (AR)
Package caption Info: New subtype `subfigure' on input line 238.
\c@subfigure=\count356
Package caption Info: New subtype `subtable' on input line 238.
\c@subtable=\count357
)
Package hyperref Info: Option `colorlinks' set `true' on input line 205.
No file index.aux.
\openout1 = `index.aux'.

LaTeX Font Info:    Checking defaults for OML/cmm/m/it on input line 211.
LaTeX Font Info:    ... okay on input line 211.
LaTeX Font Info:    Checking defaults for OMS/cmsy/m/n on input line 211.
LaTeX Font Info:    ... okay on input line 211.
LaTeX Font Info:    Checking defaults for OT1/cmr/m/n on input line 211.
LaTeX Font Info:    ... okay on input line 211.
LaTeX Font Info:    Checking defaults for T1/cmr/m/n on input line 211.
LaTeX Font Info:    ... okay on input line 211.
LaTeX Font Info:    Checking defaults for TS1/cmr/m/n on input line 211.
LaTeX Font Info:    ... okay on input line 211.
LaTeX Font Info:    Checking defaults for TU/lmr/m/n on input line 211.
LaTeX Font Info:    ... okay on input line 211.
LaTeX Font Info:    Checking defaults for OMX/cmex/m/n on input line 211.
LaTeX Font Info:    ... okay on input line 211.
LaTeX Font Info:    Checking defaults for U/cmr/m/n on input line 211.
LaTeX Font Info:    ... okay on input line 211.
LaTeX Font Info:    Checking defaults for PD1/pdf/m/n on input line 211.
LaTeX Font Info:    ... okay on input line 211.
LaTeX Font Info:    Checking defaults for PU/pdf/m/n on input line 211.
LaTeX Font Info:    ... okay on input line 211.
Package scrbase Info: activating english \abstractname on input line 211.
Package scrbase Info: activating english \partname on input line 211.
Package scrbase Info: activating english \chaptername on input line 211.
Package scrbase Info: activating english \appendixname on input line 211.
Package scrbase Info: activating english \figurename on input line 211.
Package scrbase Info: activating english \tablename on input line 211.
Package scrbase Info: activating english \contentsname on input line 211.
Package scrbase Info: activating english \listfigurename on input line 211.
Package scrbase Info: activating english \listtablename on input line 211.
Package scrbase Info: activating english \bibname on input line 211.
Package scrbase Info: activating english \indexname on input line 211.
LaTeX Font Info:    Overwriting math alphabet `\mathrm' in version `normal'
(Font)                  OT1/lmr/m/n --> TU/lmr/m/n on input line 211.
LaTeX Font Info:    Overwriting math alphabet `\mathit' in version `normal'
(Font)                  OT1/lmr/m/it --> TU/lmr/m/it on input line 211.
LaTeX Font Info:    Overwriting math alphabet `\mathbf' in version `normal'
(Font)                  OT1/lmr/bx/n --> TU/lmr/bx/n on input line 211.
LaTeX Font Info:    Overwriting math alphabet `\mathsf' in version `normal'
(Font)                  OT1/lmss/m/n --> TU/lmss/m/n on input line 211.
LaTeX Font Info:    Overwriting math alphabet `\mathsf' in version `bold'
(Font)                  OT1/lmss/bx/n --> TU/lmss/bx/n on input line 211.
LaTeX Font Info:    Overwriting math alphabet `\mathtt' in version `normal'
(Font)                  OT1/lmtt/m/n --> TU/lmtt/m/n on input line 211.
LaTeX Font Info:    Overwriting math alphabet `\mathtt' in version `bold'
(Font)                  OT1/lmtt/m/n --> TU/lmtt/bx/n on input line 211.

Package fontspec Info: 
(fontspec)             latinmodern-math scale = 0.9999967668407183.


Package fontspec Info: 
(fontspec)             latinmodern-math scale = 0.9999967668407183.


Package fontspec Info: 
(fontspec)             latinmodern-math scale = 0.9999967668407183.


Package fontspec Info: 
(fontspec)             Font family 'latinmodern-math.otf(0)' created for font
(fontspec)             'latinmodern-math.otf' with options
(fontspec)             [Scale=MatchLowercase,BoldItalicFont={},ItalicFont={},SmallCapsFont={},Script=Math,BoldFont={latinmodern-math.otf}].
(fontspec)              
(fontspec)              This font family consists of the following NFSS
(fontspec)             series/shapes:
(fontspec)              
(fontspec)             - 'normal' (m/n) with NFSS spec.:
(fontspec)             <->s*[0.9999967668407183]"[latinmodern-math.otf]/OT:script=math;language=dflt;"
(fontspec)             - 'bold' (b/n) with NFSS spec.:
(fontspec)             <->s*[0.9999967668407183]"[latinmodern-math.otf]/OT:script=math;language=dflt;"

LaTeX Font Info:    Font shape `TU/latinmodern-math.otf(0)/m/n' will be
(Font)              scaled to size 10.95pt on input line 211.

Package fontspec Info: 
(fontspec)             latinmodern-math scale = 0.9999967668407183.


Package fontspec Info: 
(fontspec)             latinmodern-math scale = 0.9999967668407183.


Package fontspec Info: 
(fontspec)             latinmodern-math scale = 0.9999967668407183.


Package fontspec Info: 
(fontspec)             latinmodern-math scale = 0.9999967668407183.


Package fontspec Info: 
(fontspec)             latinmodern-math scale = 0.9999967668407183.


Package fontspec Info: 
(fontspec)             Font family 'latinmodern-math.otf(1)' created for font
(fontspec)             'latinmodern-math.otf' with options
(fontspec)             [Scale=MatchLowercase,BoldItalicFont={},ItalicFont={},SmallCapsFont={},Script=Math,SizeFeatures={{Size=9.3075-},{Size=6.57-9.3075,Font=latinmodern-math.otf,Style=MathScript},{Size=-6.57,Font=latinmodern-math.otf,Style=MathScriptScript}},BoldFont={latinmodern-math.otf}].
(fontspec)              
(fontspec)              This font family consists of the following NFSS
(fontspec)             series/shapes:
(fontspec)              
(fontspec)             - 'normal' (m/n) with NFSS spec.:
(fontspec)             <9.3075->s*[0.9999967668407183]"[latinmodern-math.otf]/OT:script=math;language=dflt;"<6.57-9.3075>s*[0.9999967668407183]"[latinmodern-math.otf]/OT:script=math;language=dflt;+ssty=0;"<-6.57>s*[0.9999967668407183]"[latinmodern-math.otf]/OT:script=math;language=dflt;+ssty=1;"
(fontspec)             - 'bold' (b/n) with NFSS spec.:
(fontspec)             <->s*[0.9999967668407183]"[latinmodern-math.otf]/OT:script=math;language=dflt;"

LaTeX Font Info:    Font shape `TU/latinmodern-math.otf(1)/m/n' will be
(Font)              scaled to size 10.95pt on input line 211.
LaTeX Font Info:    Encoding `OT1' has changed to `TU' for symbol font
(Font)              `operators' in the math version `normal' on input line 211.
LaTeX Font Info:    Overwriting symbol font `operators' in version `normal'
(Font)                  OT1/lmr/m/n --> TU/latinmodern-math.otf(1)/m/n on input line 211.
LaTeX Font Info:    Encoding `OT1' has changed to `TU' for symbol font
(Font)              `operators' in the math version `bold' on input line 211.
LaTeX Font Info:    Overwriting symbol font `operators' in version `bold'
(Font)                  OT1/lmr/bx/n --> TU/latinmodern-math.otf(1)/b/n on input line 211.

Package fontspec Info: 
(fontspec)             latinmodern-math scale = 0.9999967668407183.


Package fontspec Info: 
(fontspec)             latinmodern-math scale = 1.000096766517402.


Package fontspec Info: 
(fontspec)             latinmodern-math scale = 0.9999967668407183.


Package fontspec Info: 
(fontspec)             latinmodern-math scale = 1.000096766517402.


Package fontspec Info: 
(fontspec)             latinmodern-math scale = 0.9999967668407183.


Package fontspec Info: 
(fontspec)             latinmodern-math scale = 1.000096766517402.


Package fontspec Info: 
(fontspec)             latinmodern-math scale = 0.9999967668407183.


Package fontspec Info: 
(fontspec)             latinmodern-math scale = 1.000096766517402.


Package fontspec Info: 
(fontspec)             latinmodern-math scale = 0.9999967668407183.


Package fontspec Info: 
(fontspec)             latinmodern-math scale = 1.000096766517402.


Package fontspec Info: 
(fontspec)             Font family 'latinmodern-math.otf(2)' created for font
(fontspec)             'latinmodern-math.otf' with options
(fontspec)             [Scale=MatchLowercase,BoldItalicFont={},ItalicFont={},SmallCapsFont={},Script=Math,SizeFeatures={{Size=9.3075-},{Size=6.57-9.3075,Font=latinmodern-math.otf,Style=MathScript},{Size=-6.57,Font=latinmodern-math.otf,Style=MathScriptScript}},BoldFont={latinmodern-math.otf},ScaleAgain=1.0001,FontAdjustment={\fontdimen
(fontspec)             8\font =7.41315pt\relax \fontdimen 9\font
(fontspec)             =4.3143pt\relax \fontdimen 10\font =4.8618pt\relax
(fontspec)             \fontdimen 11\font =7.5117pt\relax \fontdimen 12\font
(fontspec)             =3.77776pt\relax \fontdimen 13\font =3.97485pt\relax
(fontspec)             \fontdimen 14\font =3.97485pt\relax \fontdimen 15\font
(fontspec)             =3.16455pt\relax \fontdimen 16\font =2.70465pt\relax
(fontspec)             \fontdimen 17\font =2.70465pt\relax \fontdimen 18\font
(fontspec)             =2.7375pt\relax \fontdimen 19\font =2.19pt\relax
(fontspec)             \fontdimen 22\font =2.7375pt\relax \fontdimen 20\font
(fontspec)             =0pt\relax \fontdimen 21\font =0pt\relax }].
(fontspec)              
(fontspec)              This font family consists of the following NFSS
(fontspec)             series/shapes:
(fontspec)              
(fontspec)             - 'normal' (m/n) with NFSS spec.:
(fontspec)             <9.3075->s*[1.000096766517402]"[latinmodern-math.otf]/OT:script=math;language=dflt;"<6.57-9.3075>s*[1.000096766517402]"[latinmodern-math.otf]/OT:script=math;language=dflt;+ssty=0;"<-6.57>s*[1.000096766517402]"[latinmodern-math.otf]/OT:script=math;language=dflt;+ssty=1;"
(fontspec)             - 'bold' (b/n) with NFSS spec.:
(fontspec)             <->s*[1.000096766517402]"[latinmodern-math.otf]/OT:script=math;language=dflt;"

LaTeX Font Info:    Encoding `OMS' has changed to `TU' for symbol font
(Font)              `symbols' in the math version `normal' on input line 211.
LaTeX Font Info:    Overwriting symbol font `symbols' in version `normal'
(Font)                  OMS/lmsy/m/n --> TU/latinmodern-math.otf(2)/m/n on input line 211.
LaTeX Font Info:    Encoding `OMS' has changed to `TU' for symbol font
(Font)              `symbols' in the math version `bold' on input line 211.
LaTeX Font Info:    Overwriting symbol font `symbols' in version `bold'
(Font)                  OMS/lmsy/b/n --> TU/latinmodern-math.otf(2)/b/n on input line 211.

Package fontspec Info: 
(fontspec)             latinmodern-math scale = 0.9999967668407183.


Package fontspec Info: 
(fontspec)             latinmodern-math scale = 0.9998967671640342.


Package fontspec Info: 
(fontspec)             latinmodern-math scale = 0.9999967668407183.


Package fontspec Info: 
(fontspec)             latinmodern-math scale = 0.9998967671640342.


Package fontspec Info: 
(fontspec)             latinmodern-math scale = 0.9999967668407183.


Package fontspec Info: 
(fontspec)             latinmodern-math scale = 0.9998967671640342.


Package fontspec Info: 
(fontspec)             latinmodern-math scale = 0.9999967668407183.


Package fontspec Info: 
(fontspec)             latinmodern-math scale = 0.9998967671640342.


Package fontspec Info: 
(fontspec)             latinmodern-math scale = 0.9999967668407183.


Package fontspec Info: 
(fontspec)             latinmodern-math scale = 0.9998967671640342.


Package fontspec Info: 
(fontspec)             Font family 'latinmodern-math.otf(3)' created for font
(fontspec)             'latinmodern-math.otf' with options
(fontspec)             [Scale=MatchLowercase,BoldItalicFont={},ItalicFont={},SmallCapsFont={},Script=Math,SizeFeatures={{Size=9.3075-},{Size=6.57-9.3075,Font=latinmodern-math.otf,Style=MathScript},{Size=-6.57,Font=latinmodern-math.otf,Style=MathScriptScript}},BoldFont={latinmodern-math.otf},ScaleAgain=0.9999,FontAdjustment={\fontdimen
(fontspec)             8\font =0.438pt\relax \fontdimen 9\font =2.19pt\relax
(fontspec)             \fontdimen 10\font =1.82864pt\relax \fontdimen 11\font
(fontspec)             =1.21545pt\relax \fontdimen 12\font =6.56999pt\relax
(fontspec)             \fontdimen 13\font =0pt\relax }].
(fontspec)              
(fontspec)              This font family consists of the following NFSS
(fontspec)             series/shapes:
(fontspec)              
(fontspec)             - 'normal' (m/n) with NFSS spec.:
(fontspec)             <9.3075->s*[0.9998967671640342]"[latinmodern-math.otf]/OT:script=math;language=dflt;"<6.57-9.3075>s*[0.9998967671640342]"[latinmodern-math.otf]/OT:script=math;language=dflt;+ssty=0;"<-6.57>s*[0.9998967671640342]"[latinmodern-math.otf]/OT:script=math;language=dflt;+ssty=1;"
(fontspec)             - 'bold' (b/n) with NFSS spec.:
(fontspec)             <->s*[0.9998967671640342]"[latinmodern-math.otf]/OT:script=math;language=dflt;"

LaTeX Font Info:    Encoding `OMX' has changed to `TU' for symbol font
(Font)              `largesymbols' in the math version `normal' on input line 211.
LaTeX Font Info:    Overwriting symbol font `largesymbols' in version `normal'
(Font)                  OMX/lmex/m/n --> TU/latinmodern-math.otf(3)/m/n on input line 211.
LaTeX Font Info:    Encoding `OMX' has changed to `TU' for symbol font
(Font)              `largesymbols' in the math version `bold' on input line 211.
LaTeX Font Info:    Overwriting symbol font `largesymbols' in version `bold'
(Font)                  OMX/lmex/m/n --> TU/latinmodern-math.otf(3)/b/n on input line 211.
LaTeX Info: Redefining \microtypecontext on input line 211.
Package microtype Info: Applying patch `item' on input line 211.
Package microtype Info: Applying patch `toc' on input line 211.
Package microtype Info: Applying patch `eqnum' on input line 211.
Package microtype Info: Applying patch `footnote' on input line 211.
Package microtype Info: Applying patch `verbatim' on input line 211.
Package microtype Info: Character protrusion enabled (level 2).
Package microtype Info: Using protrusion set `basicmath'.
Package microtype Info: No adjustment of tracking.
Package microtype Info: No adjustment of spacing.
Package microtype Info: No adjustment of kerning.
(c:/Users/gabri/AppData/Roaming/TinyTeX/texmf-dist/tex/latex/microtype/mt-LatinModernRoman.cfg
File: mt-LatinModernRoman.cfg 2021/02/21 v1.1 microtype config. file: Latin Modern Roman (RS)
)
Package hyperref Info: Link coloring ON on input line 211.

Package hyperref Warning: Rerun to get /PageLabels entry.

Package caption Info: Begin \AtBeginDocument code.
Package caption Info: float package is loaded.
Package caption Info: End \AtBeginDocument code.
Package microtype Info: Loading generic protrusion settings for font family
(microtype)             `lmss' (encoding: TU).
(microtype)             For optimal results, create family-specific settings.
(microtype)             See the microtype manual for details.
LaTeX Font Info:    Font shape `TU/latinmodern-math.otf(1)/m/n' will be
(Font)              scaled to size 14.4pt on input line 213.
LaTeX Font Info:    Font shape `TU/latinmodern-math.otf(1)/m/n' will be
(Font)              scaled to size 10.0pt on input line 213.
LaTeX Font Info:    Font shape `TU/latinmodern-math.otf(1)/m/n' will be
(Font)              scaled to size 7.0pt on input line 213.
LaTeX Font Info:    Trying to load font information for OML+lmm on input line 213.
(c:/Users/gabri/AppData/Roaming/TinyTeX/texmf-dist/tex/latex/lm/omllmm.fd
File: omllmm.fd 2015/05/01 v1.6.1 Font defs for Latin Modern
)
LaTeX Font Info:    Font shape `TU/latinmodern-math.otf(2)/m/n' will be
(Font)              scaled to size 14.4013pt on input line 213.
LaTeX Font Info:    Font shape `TU/latinmodern-math.otf(2)/m/n' will be
(Font)              scaled to size 10.00092pt on input line 213.
LaTeX Font Info:    Font shape `TU/latinmodern-math.otf(2)/m/n' will be
(Font)              scaled to size 7.00064pt on input line 213.
LaTeX Font Info:    Font shape `TU/latinmodern-math.otf(3)/m/n' will be
(Font)              scaled to size 14.39845pt on input line 213.
LaTeX Font Info:    Font shape `TU/latinmodern-math.otf(3)/m/n' will be
(Font)              scaled to size 9.99893pt on input line 213.
LaTeX Font Info:    Font shape `TU/latinmodern-math.otf(3)/m/n' will be
(Font)              scaled to size 6.99925pt on input line 213.
LaTeX Font Info:    Trying to load font information for U+msa on input line 213.
(c:/Users/gabri/AppData/Roaming/TinyTeX/texmf-dist/tex/latex/amsfonts/umsa.fd
File: umsa.fd 2013/01/14 v3.01 AMS symbols A
) (c:/Users/gabri/AppData/Roaming/TinyTeX/texmf-dist/tex/latex/microtype/mt-msa.cfg
File: mt-msa.cfg 2006/02/04 v1.1 microtype config. file: AMS symbols (a) (RS)
)
LaTeX Font Info:    Trying to load font information for U+msb on input line 213.
(c:/Users/gabri/AppData/Roaming/TinyTeX/texmf-dist/tex/latex/amsfonts/umsb.fd
File: umsb.fd 2013/01/14 v3.01 AMS symbols B
) (c:/Users/gabri/AppData/Roaming/TinyTeX/texmf-dist/tex/latex/microtype/mt-msb.cfg
File: mt-msb.cfg 2005/06/01 v1.0 microtype config. file: AMS symbols (b) (RS)
)

[1



]
Package tocbasic Info: character protrusion at toc deactivated on input line 219.
No file index.toc.
\tf@toc=\write5
\openout5 = `index.toc'.



[2

]
chapter without number

Class scrreprt Warning: \float@addtolists detected!
(scrreprt)              Implementation of \float@addtolist became
(scrreprt)              deprecated in KOMA-Script v3.01 2008/11/14 and
(scrreprt)              has been replaced by several more flexible
(scrreprt)              features of package `tocbasic`.
(scrreprt)              Since Version 3.12 support for deprecated
(scrreprt)              \float@addtolist interface has been
(scrreprt)              restricted to only some of the KOMA-Script
(scrreprt)              features and been removed from others.
(scrreprt)              Loading of package `scrhack' may help to
(scrreprt)              avoid this warning, if you are using a
(scrreprt)              a package that still implements the
(scrreprt)              deprecated \float@addtolist interface.



[3

]
chapter without number


[4

]
chapter without number


[5

]
chapter without number
File: Cadernos Grupo Python/Caderno 1/Captura de tela 2023-12-23 144721.png Graphic file (type bmp)
<Cadernos Grupo Python/Caderno 1/Captura de tela 2023-12-23 144721.png>

Overfull \hbox (10.95749pt too wide) in paragraph at lines 304--305
[][] 
 []

File: Cadernos Grupo Python/Caderno 1/Captura de tela 2023-12-23 144731.png Graphic file (type bmp)
<Cadernos Grupo Python/Caderno 1/Captura de tela 2023-12-23 144731.png>
File: Cadernos Grupo Python/Caderno 1/Captura de tela 2023-12-23 144752.png Graphic file (type bmp)
<Cadernos Grupo Python/Caderno 1/Captura de tela 2023-12-23 144752.png>

Overfull \hbox (10.96811pt too wide) in paragraph at lines 308--309
[][] 
 []



[6

]

[7]
File: Cadernos Grupo Python/Caderno 1/Captura de tela 2023-12-23 150918.png Graphic file (type bmp)
<Cadernos Grupo Python/Caderno 1/Captura de tela 2023-12-23 150918.png>

Overfull \hbox (10.9549pt too wide) in paragraph at lines 342--343
[][] 
 []

File: Cadernos Grupo Python/Caderno 1/Captura de tela 2023-12-23 150936.png Graphic file (type bmp)
<Cadernos Grupo Python/Caderno 1/Captura de tela 2023-12-23 150936.png>
File: Cadernos Grupo Python/Caderno 1/Captura de tela 2023-12-23 151023.png Graphic file (type bmp)
<Cadernos Grupo Python/Caderno 1/Captura de tela 2023-12-23 151023.png>

Overfull \hbox (10.95395pt too wide) in paragraph at lines 346--347
[][] 
 []



[8]
File: Cadernos Grupo Python/Caderno 1/Captura de tela 2023-12-23 151041.png Graphic file (type bmp)
<Cadernos Grupo Python/Caderno 1/Captura de tela 2023-12-23 151041.png>

Overfull \hbox (10.95395pt too wide) in paragraph at lines 348--349
[][] 
 []



[9]
File: Cadernos Grupo Python/Caderno 1/Captura de tela 2024-01-15 144718.png Graphic file (type bmp)
<Cadernos Grupo Python/Caderno 1/Captura de tela 2024-01-15 144718.png>

Overfull \hbox (10.9667pt too wide) in paragraph at lines 396--397
[][] 
 []



[10]
File: Cadernos Grupo Python/Caderno 1/Captura de tela 2024-01-15 144743.png Graphic file (type bmp)
<Cadernos Grupo Python/Caderno 1/Captura de tela 2024-01-15 144743.png>

Overfull \hbox (10.95406pt too wide) in paragraph at lines 398--399
[][] 
 []



[11]
File: Cadernos Grupo Python/Caderno 1/Captura de tela 2024-01-15 144808.png Graphic file (type bmp)
<Cadernos Grupo Python/Caderno 1/Captura de tela 2024-01-15 144808.png>

Overfull \hbox (10.93867pt too wide) in paragraph at lines 405--406
[][] 
 []

File: Cadernos Grupo Python/Caderno 1/Captura de tela 2024-01-15 145023.png Graphic file (type bmp)
<Cadernos Grupo Python/Caderno 1/Captura de tela 2024-01-15 145023.png>

Overfull \hbox (10.93944pt too wide) in paragraph at lines 413--414
[] 
 []



[12]
File: Cadernos Grupo Python/Caderno 1/Captura de tela 2024-01-18 130253.png Graphic file (type bmp)
<Cadernos Grupo Python/Caderno 1/Captura de tela 2024-01-18 130253.png>


[13]
File: Cadernos Grupo Python/Caderno 1/Captura de tela 2024-01-18 131012.png Graphic file (type bmp)
<Cadernos Grupo Python/Caderno 1/Captura de tela 2024-01-18 131012.png>

Overfull \hbox (10.95392pt too wide) in paragraph at lines 442--443
[][] 
 []

File: Cadernos Grupo Python/Caderno 1/Captura de tela 2024-01-18 131136.png Graphic file (type bmp)
<Cadernos Grupo Python/Caderno 1/Captura de tela 2024-01-18 131136.png>

Overfull \hbox (10.95485pt too wide) in paragraph at lines 448--449
[][] 
 []

File: Cadernos Grupo Python/Caderno 1/Captura de tela 2024-01-18 131504.png Graphic file (type bmp)
<Cadernos Grupo Python/Caderno 1/Captura de tela 2024-01-18 131504.png>


[14]
File: Cadernos Grupo Python/Caderno 1/Captura de tela 2024-01-18 131521.png Graphic file (type bmp)
<Cadernos Grupo Python/Caderno 1/Captura de tela 2024-01-18 131521.png>
File: Cadernos Grupo Python/Caderno 1/Captura de tela 2024-01-18 135407.png Graphic file (type bmp)
<Cadernos Grupo Python/Caderno 1/Captura de tela 2024-01-18 135407.png>


[15]
chapter without number


[16

]
chapter without number


[17

]

[18]
chapter without number


[19

]

[20]

[21]

[22]

[23]

[24]

[25]
Overfull \hbox (389.1364pt too wide) in paragraph at lines 1065--1065
[]\TU/lmtt/m/n/10.95 [[123, 456, 789], ["Anderson", "Antonio", "Alexandre"], [20, 18, 33], ["estatística", "direito", "medicina"], ["2023.1", "2019.1", "2020.2"]] 
 []



[26]

[27]

[28]
chapter without number


[29

]

[30]

[31]

[32]

[33]

[34]

[35]
chapter without number


[36

]

[37]

[38]

[39]

[40]
Overfull \hbox (26.96523pt too wide) in paragraph at lines 2024--2024
[]\TU/lmtt/m/n/10.95 Meu filme favorito é sharknado 2 e o meu segundo filme favorito é sharknado 1! 
 []



[41]

[42]

[43]

[44]

[45]

[46]

[47]

[48]

[49]
chapter without number

Package hyperref Warning: Token not allowed in a PDF string (Unicode):
(hyperref)                removing `\leavevmode@ifvmode' on input line 2627.


Package hyperref Warning: Token not allowed in a PDF string (Unicode):
(hyperref)                \kern 1.82538pt
(hyperref)                removed on input line 2627.


Package hyperref Warning: Token not allowed in a PDF string (Unicode):
(hyperref)                removing `\leavevmode@ifvmode' on input line 2627.


Package hyperref Warning: Token not allowed in a PDF string (Unicode):
(hyperref)                \kern 1.82538pt
(hyperref)                removed on input line 2627.


Package hyperref Warning: Token not allowed in a PDF string (Unicode):
(hyperref)                removing `\leavevmode@ifvmode' on input line 2627.


Package hyperref Warning: Token not allowed in a PDF string (Unicode):
(hyperref)                \kern 1.82538pt
(hyperref)                removed on input line 2627.


Package hyperref Warning: Token not allowed in a PDF string (Unicode):
(hyperref)                removing `\leavevmode@ifvmode' on input line 2627.


Package hyperref Warning: Token not allowed in a PDF string (Unicode):
(hyperref)                \kern 1.82538pt
(hyperref)                removed on input line 2627.



[50

]

[51]
chapter without number


[52

]
chapter without number


[53

]
chapter without number


[54

]

[55]
chapter without number


[56

]

[57]

[58]

[59]
chapter without number


[60

]

[61]
chapter without number


[62

]

[63]

[64]
chapter without number


[65

]
chapter without number

Underfull \hbox (badness 10000) in paragraph at lines 3288--3291
[]\TU/lmr/m/n/10.95 array([-9.21770993e-01, -5.86317634e-01, 1.16399914e+00, -1.24172396e+00, -
 []


Underfull \hbox (badness 2073) in paragraph at lines 3288--3291
\TU/lmr/m/n/10.95 1.98523022e+00, 1.30670891e+00, 7.37807059e-01, 3.79111282e-01, 9.89200864e-04,
 []


Overfull \hbox (30.30495pt too wide) in paragraph at lines 3305--3306
[]\TU/lmr/m/n/10.95 ‘/home/daniel.dsantos/Documents/personal/git/python-basico/notebooks/01_python_basico’ 
 []



[66

]

[67]
chapter without number


[68

]
chapter without number


[69

]
chapter without number
File: Cadernos Grupo Python/Caderno Conceitos Gerais de Estatistica/inicio.jpg Graphic file (type bmp)
<Cadernos Grupo Python/Caderno Conceitos Gerais de Estatistica/inicio.jpg>

Overfull \hbox (10.93602pt too wide) in paragraph at lines 3411--3412
[][] 
 []



[70

]

[71]
chapter without number
LaTeX Font Info:    Font shape `TU/latinmodern-math.otf(1)/m/n' will be
(Font)              scaled to size 7.665pt on input line 3477.
LaTeX Font Info:    Font shape `TU/latinmodern-math.otf(1)/m/n' will be
(Font)              scaled to size 5.475pt on input line 3477.
LaTeX Font Info:    Font shape `TU/latinmodern-math.otf(2)/m/n' will be
(Font)              scaled to size 10.95099pt on input line 3477.
LaTeX Font Info:    Font shape `TU/latinmodern-math.otf(2)/m/n' will be
(Font)              scaled to size 7.66568pt on input line 3477.
LaTeX Font Info:    Font shape `TU/latinmodern-math.otf(2)/m/n' will be
(Font)              scaled to size 5.4755pt on input line 3477.
LaTeX Font Info:    Font shape `TU/latinmodern-math.otf(3)/m/n' will be
(Font)              scaled to size 10.94882pt on input line 3477.
LaTeX Font Info:    Font shape `TU/latinmodern-math.otf(3)/m/n' will be
(Font)              scaled to size 7.66417pt on input line 3477.
LaTeX Font Info:    Font shape `TU/latinmodern-math.otf(3)/m/n' will be
(Font)              scaled to size 5.47441pt on input line 3477.


[72

]
chapter without number
Missing character: There is no σ (U+03C3) in font [lmroman10-regular]:mapping=tex-text;!
Missing character: There is no σ (U+03C3) in font [lmroman10-regular]:mapping=tex-text;!
Missing character: There is no σ (U+03C3) in font [lmroman10-regular]:mapping=tex-text;!
Missing character: There is no ∼ (U+223C) in font [lmroman10-regular]:mapping=tex-text;!
Missing character: There is no σ (U+03C3) in font [lmroman10-regular]:mapping=tex-text;!
File: Cadernos Grupo Python/Caderno Conceitos Gerais de Estatistica/normal2.png Graphic file (type bmp)
<Cadernos Grupo Python/Caderno Conceitos Gerais de Estatistica/normal2.png>

Overfull \hbox (10.95944pt too wide) in paragraph at lines 3523--3524
[][] 
 []



[73

]
Missing character: There is no σ (U+03C3) in font [lmroman10-regular]:mapping=tex-text;!
Missing character: There is no σ (U+03C3) in font [lmroman10-regular]:mapping=tex-text;!
Missing character: There is no 𝜇 (U+1D707) in font [lmroman10-regular]:mapping=tex-text;!
Missing character: There is no 𝜎 (U+1D70E) in font [lmroman10-regular]:mapping=tex-text;!
Missing character: There is no 𝜇 (U+1D707) in font [lmroman10-regular]:mapping=tex-text;!
Missing character: There is no 𝜎 (U+1D70E) in font [lmroman10-regular]:mapping=tex-text;!


[74]
File: Cadernos Grupo Python/Caderno Conceitos Gerais de Estatistica/output_23_03.png Graphic file (type bmp)
<Cadernos Grupo Python/Caderno Conceitos Gerais de Estatistica/output_23_03.png>


[75]

[76]
chapter without number
Missing character: There is no λ (U+03BB) in font [lmroman10-regular]:mapping=tex-text;!
Missing character: There is no λ (U+03BB) in font [lmroman10-regular]:mapping=tex-text;!
Missing character: There is no λ (U+03BB) in font [lmroman10-regular]:mapping=tex-text;!
Missing character: There is no λ (U+03BB) in font [lmroman10-regular]:mapping=tex-text;!
Missing character: There is no λ (U+03BB) in font [lmroman10-regular]:mapping=tex-text;!
File: Cadernos Grupo Python/Caderno Conceitos Gerais de Estatistica/exponencial4.png Graphic file (type bmp)
<Cadernos Grupo Python/Caderno Conceitos Gerais de Estatistica/exponencial4.png>

Overfull \hbox (10.96558pt too wide) in paragraph at lines 3663--3664
[][] 
 []



[77

]
Missing character: There is no λ (U+03BB) in font [lmroman10-regular]:mapping=tex-text;!
Missing character: There is no λ (U+03BB) in font [lmroman10-regular]:mapping=tex-text;!
Missing character: There is no λ (U+03BB) in font [lmroman10-regular]:mapping=tex-text;!


[78]
File: Cadernos Grupo Python/Caderno Conceitos Gerais de Estatistica/output_39_05.png Graphic file (type bmp)
<Cadernos Grupo Python/Caderno Conceitos Gerais de Estatistica/output_39_05.png>


[79]

[80]
chapter without number
File: Cadernos Grupo Python/Caderno Conceitos Gerais de Estatistica/student6.png Graphic file (type bmp)
<Cadernos Grupo Python/Caderno Conceitos Gerais de Estatistica/student6.png>

Overfull \hbox (10.95944pt too wide) in paragraph at lines 3771--3772
[][] 
 []



[81

]
File: Cadernos Grupo Python/Caderno Conceitos Gerais de Estatistica/output_54_07.png Graphic file (type bmp)
<Cadernos Grupo Python/Caderno Conceitos Gerais de Estatistica/output_54_07.png>


[82]

[83]
chapter without number
File: Cadernos Grupo Python/Caderno Conceitos Gerais de Estatistica/quiquadrado8.png Graphic file (type bmp)
<Cadernos Grupo Python/Caderno Conceitos Gerais de Estatistica/quiquadrado8.png>

Overfull \hbox (10.95944pt too wide) in paragraph at lines 3874--3875
[][] 
 []

Missing character: There is no α (U+03B1) in font [lmroman10-regular]:mapping=tex-text;!
Missing character: There is no β (U+03B2) in font [lmroman10-regular]:mapping=tex-text;!


[84

]
File: Cadernos Grupo Python/Caderno Conceitos Gerais de Estatistica/output_70_09.png Graphic file (type bmp)
<Cadernos Grupo Python/Caderno Conceitos Gerais de Estatistica/output_70_09.png>


[85]

[86]
chapter without number
File: Cadernos Grupo Python/Caderno Conceitos Gerais de Estatistica/snedecor10.png Graphic file (type bmp)
<Cadernos Grupo Python/Caderno Conceitos Gerais de Estatistica/snedecor10.png>

Overfull \hbox (10.96558pt too wide) in paragraph at lines 3975--3976
[][] 
 []



[87

]
File: Cadernos Grupo Python/Caderno Conceitos Gerais de Estatistica/output_86_011.png Graphic file (type bmp)
<Cadernos Grupo Python/Caderno Conceitos Gerais de Estatistica/output_86_011.png>


[88]

[89]

[90]
chapter without number


[91

]
chapter without number


[92

]
chapter without number
Missing character: There is no θ (U+03B8) in font [lmroman10-regular]:mapping=tex-text;!
Missing character: There is no µ ("B5) in font lmmi10!
Missing character: There is no µ ("B5) in font lmmi10!
Missing character: There is no µ ("B5) in font lmmi10!
File: Cadernos Grupo Python/Caderno Conceitos Gerais de Estatistica/media_amostral12.png Graphic file (type bmp)
<Cadernos Grupo Python/Caderno Conceitos Gerais de Estatistica/media_amostral12.png>

Overfull \hbox (10.96558pt too wide) in paragraph at lines 4130--4131
[][] 
 []



[93

]
Missing character: There is no µ ("B5) in font lmmi10!


[94]
chapter without number


[95

]
chapter without number


[96

]
chapter without number


[97

]
chapter without number
File: Cadernos Grupo Python/Caderno Visualização de dados/banner01.png Graphic file (type bmp)
<Cadernos Grupo Python/Caderno Visualização de dados/banner01.png>

Overfull \hbox (10.95375pt too wide) in paragraph at lines 4208--4209
[][] 
 []



[98

]

[99]
chapter without number
File: Cadernos Grupo Python/Caderno Visualização de dados/visualizacao_01_14_002.png Graphic file (type bmp)
<Cadernos Grupo Python/Caderno Visualização de dados/visualizacao_01_14_002.png>

Overfull \hbox (10.96526pt too wide) in paragraph at lines 4273--4274
[][] 
 []



[100

]

[101]
chapter without number


[102

]

[103]
File: Cadernos Grupo Python/Caderno Visualização de dados/visualizacao_01_27_005.png Graphic file (type bmp)
<Cadernos Grupo Python/Caderno Visualização de dados/visualizacao_01_27_005.png>


[104]

[105]
chapter without number
File: Cadernos Grupo Python/Caderno Visualização de dados/visualizacao_01_33_006.png Graphic file (type bmp)
<Cadernos Grupo Python/Caderno Visualização de dados/visualizacao_01_33_006.png>


[106

]
File: Cadernos Grupo Python/Caderno Visualização de dados/visualizacao_01_37_007.png Graphic file (type bmp)
<Cadernos Grupo Python/Caderno Visualização de dados/visualizacao_01_37_007.png>


[107]
File: Cadernos Grupo Python/Caderno Visualização de dados/visualizacao_01_41_008.png Graphic file (type bmp)
<Cadernos Grupo Python/Caderno Visualização de dados/visualizacao_01_41_008.png>


[108]
chapter without number
File: Cadernos Grupo Python/Caderno Visualização de dados/visualizacao_01_45_009.png Graphic file (type bmp)
<Cadernos Grupo Python/Caderno Visualização de dados/visualizacao_01_45_009.png>


[109

]
File: Cadernos Grupo Python/Caderno Visualização de dados/visualizacao_01_46_010.png Graphic file (type bmp)
<Cadernos Grupo Python/Caderno Visualização de dados/visualizacao_01_46_010.png>


[110]
File: Cadernos Grupo Python/Caderno Visualização de dados/visualizacao_01_49_011.png Graphic file (type bmp)
<Cadernos Grupo Python/Caderno Visualização de dados/visualizacao_01_49_011.png>


[111]

[112]
chapter without number
File: Cadernos Grupo Python/Caderno Visualização de dados/visualizacao_01_54_012.png Graphic file (type bmp)
<Cadernos Grupo Python/Caderno Visualização de dados/visualizacao_01_54_012.png>


[113

]
File: Cadernos Grupo Python/Caderno Visualização de dados/visualizacao_01_56_013.png Graphic file (type bmp)
<Cadernos Grupo Python/Caderno Visualização de dados/visualizacao_01_56_013.png>


[114]

[115]
chapter without number
File: Cadernos Grupo Python/Caderno Visualização de dados/visualizacao_01_60_014.png Graphic file (type bmp)
<Cadernos Grupo Python/Caderno Visualização de dados/visualizacao_01_60_014.png>


[116

]
chapter without number
File: Cadernos Grupo Python/Caderno Visualização de dados/visualizacao_01_63_015.png Graphic file (type bmp)
<Cadernos Grupo Python/Caderno Visualização de dados/visualizacao_01_63_015.png>

Underfull \hbox (badness 10000) in paragraph at lines 4635--4638
[]\TU/lmr/m/n/10.95 sns.regplot(x=“math score”, y=“reading score”, data=data); sns.despine(offset=10,
 []


Overfull \hbox (25.95479pt too wide) in paragraph at lines 4635--4638
\TU/lmr/m/n/10.95 trim=True) [] 
 []

File: Cadernos Grupo Python/Caderno Visualização de dados/visualizacao_01_65_016.png Graphic file (type bmp)
<Cadernos Grupo Python/Caderno Visualização de dados/visualizacao_01_65_016.png>

Overfull \hbox (10.9653pt too wide) in paragraph at lines 4654--4655
[][] 
 []



[117

]

[118]
chapter without number


[119

]
File: Cadernos Grupo Python/Caderno Visualização de dados/visualizacao_01_68_017.png Graphic file (type bmp)
<Cadernos Grupo Python/Caderno Visualização de dados/visualizacao_01_68_017.png>

Overfull \hbox (10.94858pt too wide) in paragraph at lines 4709--4710
[][] 
 []



[120]

[121]
chapter without number
File: Cadernos Grupo Python/Estimativa por Intervalos/inicio.jpg Graphic file (type bmp)
<Cadernos Grupo Python/Estimativa por Intervalos/inicio.jpg>

Overfull \hbox (10.93127pt too wide) in paragraph at lines 4716--4717
[] 
 []



[122

]
chapter without number


[123

]
chapter without number
Missing character: There is no θ (U+03B8) in font [lmroman10-regular]:mapping=tex-text;!
Missing character: There is no θ (U+03B8) in font [lmroman10-regular]:mapping=tex-text;!
Missing character: There is no θ (U+03B8) in font [lmroman10-regular]:mapping=tex-text;!
Missing character: There is no α (U+03B1) in font [lmroman10-regular]:mapping=tex-text;!
Missing character: There is no θ (U+03B8) in font [lmroman10-regular]:mapping=tex-text;!
Missing character: There is no θ (U+03B8) in font [lmroman10-regular]:mapping=tex-text;!
Missing character: There is no α (U+03B1) in font [lmroman10-regular]:mapping=tex-text;!
Missing character: There is no α (U+03B1) in font [lmroman10-regular]:mapping=tex-text;!
Missing character: There is no θ (U+03B8) in font [lmroman10-regular]:mapping=tex-text;!
Missing character: There is no α (U+03B1) in font [lmroman10-regular]:mapping=tex-text;!
Missing character: There is no θ (U+03B8) in font [lmroman10-regular]:mapping=tex-text;!


[124

]
chapter without number
Missing character: There is no µ ("B5) in font lmmi10!
Missing character: There is no µ ("B5) in font lmmi10!
Missing character: There is no µ ("B5) in font lmmi10!
Missing character: There is no α (U+03B1) in font [lmroman10-regular]:mapping=tex-text;!
Missing character: There is no α (U+03B1) in font [lmroman10-regular]:mapping=tex-text;!

Overfull \hbox (169.85416pt too wide) in alignment at lines 4846--4851
 [] [] [] [] [] [] [] [] [] [] [] [] 
 []


Overfull \hbox (169.85416pt too wide) in alignment at lines 4851--4853
 [] [] [] [] [] [] [] [] [] [] [] [] 
 []


Overfull \hbox (203.79916pt too wide) in alignment at lines 4853--4864
 [] [] [] [] [] [] [] [] [] [] [] [] 
 []


Package longtable Warning: Column widths have changed
(longtable)                in table 1 on input line 4864.



[125

]
Overfull \hbox (169.85416pt too wide) in alignment at lines 4878--4883
 [] [] [] [] [] [] [] [] [] [] [] [] 
 []


Overfull \hbox (169.85416pt too wide) in alignment at lines 4883--4885
 [] [] [] [] [] [] [] [] [] [] [] [] 
 []


Overfull \hbox (203.79916pt too wide) in alignment at lines 4885--4896
 [] [] [] [] [] [] [] [] [] [] [] [] 
 []


Package longtable Warning: Column widths have changed
(longtable)                in table 2 on input line 4896.


Overfull \hbox (169.85416pt too wide) in alignment at lines 4926--4931
 [] [] [] [] [] [] [] [] [] [] [] [] 
 []


Overfull \hbox (169.85416pt too wide) in alignment at lines 4931--4933
 [] [] [] [] [] [] [] [] [] [] [] [] 
 []


Overfull \hbox (255.5598pt too wide) in alignment at lines 4933--4944
 [] [] [] [] [] [] [] [] [] [] [] [] 
 []


Package longtable Warning: Column widths have changed
(longtable)                in table 3 on input line 4944.



[126]

[127]
chapter without number


[128

]
chapter without number
Missing character: There is no µ ("B5) in font lmmi10!


[129

]
chapter without number


[130

]
chapter without number
File: Cadernos Grupo Python/Teste de Hipóteses - Parte 1/inicio.jpg Graphic file (type bmp)
<Cadernos Grupo Python/Teste de Hipóteses - Parte 1/inicio.jpg>

Overfull \hbox (10.95071pt too wide) in paragraph at lines 5100--5101
[] 
 []

Missing character: There is no θ (U+03B8) in font [lmroman10-regular]:mapping=tex-text;!
Missing character: There is no θ (U+03B8) in font [lmroman10-regular]:mapping=tex-text;!


[131

]
chapter without number


[132

]
chapter without number
Missing character: There is no µ ("B5) in font lmmi10!


[133

]

[134]
chapter without number
File: Cadernos Grupo Python/Teste de Hipóteses - Parte 1/tabela_decisao.png Graphic file (type bmp)
<Cadernos Grupo Python/Teste de Hipóteses - Parte 1/tabela_decisao.png>

Overfull \hbox (10.95612pt too wide) in paragraph at lines 5218--5219
[][] 
 []



[135

]
chapter without number
Missing character: There is no α (U+03B1) in font [lmroman10-regular]:mapping=tex-text;!
Missing character: There is no α (U+03B1) in font [lmroman10-regular]:mapping=tex-text;!


[136

]
chapter without number
Missing character: There is no ≤ (U+2264) in font [lmroman10-regular]:mapping=tex-text;!
File: Cadernos Grupo Python/Teste de Hipóteses - Parte 1/valorp.png Graphic file (type bmp)
<Cadernos Grupo Python/Teste de Hipóteses - Parte 1/valorp.png>

Overfull \hbox (10.96582pt too wide) in paragraph at lines 5263--5264
[][] 
 []



[137

]

[138]
chapter without number
Missing character: There is no μ (U+03BC) in font [lmroman10-regular]:mapping=tex-text;!
Missing character: There is no σ (U+03C3) in font [lmroman10-regular]:mapping=tex-text;!
Missing character: There is no ∈ (U+2208) in font [lmroman10-regular]:mapping=tex-text;!


[139

]
Overfull \hbox (1404.34505pt too wide) in alignment at lines 5388--5397
 [] [] [] [] [] [] [] [] [] [] [] [] [] [] [] [] [] [] [] [] [] [] 
 []


Overfull \hbox (1404.34505pt too wide) in alignment at lines 5397--5399
 [] [] [] [] [] [] [] [] [] [] [] [] [] [] [] [] [] [] [] [] [] [] 
 []


Overfull \hbox (1491.39755pt too wide) in alignment at lines 5399--5412
 [] [] [] [] [] [] [] [] [] [] [] [] [] [] [] [] [] [] [] [] [] [] 
 []


Package longtable Warning: Column widths have changed
(longtable)                in table 1 on input line 5412.



[140]
Overfull \hbox (1404.34505pt too wide) in alignment at lines 5437--5446
 [] [] [] [] [] [] [] [] [] [] [] [] [] [] [] [] [] [] [] [] [] [] 
 []


Overfull \hbox (1404.34505pt too wide) in alignment at lines 5446--5448
 [] [] [] [] [] [] [] [] [] [] [] [] [] [] [] [] [] [] [] [] [] [] 
 []


Overfull \hbox (1472.9687pt too wide) in alignment at lines 5448--5459
 [] [] [] [] [] [] [] [] [] [] [] [] [] [] [] [] [] [] [] [] [] [] 
 []


Package longtable Warning: Column widths have changed
(longtable)                in table 2 on input line 5459.



[141]
Overfull \hbox (1404.34505pt too wide) in alignment at lines 5496--5505
 [] [] [] [] [] [] [] [] [] [] [] [] [] [] [] [] [] [] [] [] [] [] 
 []


Overfull \hbox (1404.34505pt too wide) in alignment at lines 5505--5507
 [] [] [] [] [] [] [] [] [] [] [] [] [] [] [] [] [] [] [] [] [] [] 
 []


Overfull \hbox (1496.87254pt too wide) in alignment at lines 5507--5523
 [] [] [] [] [] [] [] [] [] [] [] [] [] [] [] [] [] [] [] [] [] [] 
 []


Package longtable Warning: Column widths have changed
(longtable)                in table 3 on input line 5523.


Overfull \hbox (1404.34505pt too wide) in alignment at lines 5567--5576
 [] [] [] [] [] [] [] [] [] [] [] [] [] [] [] [] [] [] [] [] [] [] 
 []


Overfull \hbox (1404.34505pt too wide) in alignment at lines 5576--5578
 [] [] [] [] [] [] [] [] [] [] [] [] [] [] [] [] [] [] [] [] [] [] 
 []


Overfull \hbox (1415.29506pt too wide) in alignment at lines 5578--5589
 [] [] [] [] [] [] [] [] [] [] [] [] [] [] [] [] [] [] [] [] [] [] 
 []


Package longtable Warning: Column widths have changed
(longtable)                in table 4 on input line 5589.

[142]
Missing character: There is no α (U+03B1) in font [lmroman10-regular]:mapping=tex-text;!


[143]
Overfull \hbox (1404.34505pt too wide) in alignment at lines 5699--5708
 [] [] [] [] [] [] [] [] [] [] [] [] [] [] [] [] [] [] [] [] [] [] 
 []


Overfull \hbox (1404.34505pt too wide) in alignment at lines 5708--5710
 [] [] [] [] [] [] [] [] [] [] [] [] [] [] [] [] [] [] [] [] [] [] 
 []


Overfull \hbox (1415.29506pt too wide) in alignment at lines 5710--5721
 [] [] [] [] [] [] [] [] [] [] [] [] [] [] [] [] [] [] [] [] [] [] 
 []


Package longtable Warning: Column widths have changed
(longtable)                in table 5 on input line 5721.



[144]
Overfull \hbox (1404.34505pt too wide) in alignment at lines 5763--5772
 [] [] [] [] [] [] [] [] [] [] [] [] [] [] [] [] [] [] [] [] [] [] 
 []


Overfull \hbox (1404.34505pt too wide) in alignment at lines 5772--5774
 [] [] [] [] [] [] [] [] [] [] [] [] [] [] [] [] [] [] [] [] [] [] 
 []


Overfull \hbox (1491.39755pt too wide) in alignment at lines 5774--5788
 [] [] [] [] [] [] [] [] [] [] [] [] [] [] [] [] [] [] [] [] [] [] 
 []


Package longtable Warning: Column widths have changed
(longtable)                in table 6 on input line 5788.



[145]
Overfull \hbox (1404.34505pt too wide) in alignment at lines 5826--5835
 [] [] [] [] [] [] [] [] [] [] [] [] [] [] [] [] [] [] [] [] [] [] 
 []


Overfull \hbox (1404.34505pt too wide) in alignment at lines 5835--5837
 [] [] [] [] [] [] [] [] [] [] [] [] [] [] [] [] [] [] [] [] [] [] 
 []


Overfull \hbox (1496.87254pt too wide) in alignment at lines 5837--5853
 [] [] [] [] [] [] [] [] [] [] [] [] [] [] [] [] [] [] [] [] [] [] 
 []


Package longtable Warning: Column widths have changed
(longtable)                in table 7 on input line 5853.

Missing character: There is no μ (U+03BC) in font [lmroman10-regular]:mapping=tex-text;!
Missing character: There is no σ (U+03C3) in font [lmroman10-regular]:mapping=tex-text;!


[146]

[147]

[148]
Overfull \hbox (1404.34505pt too wide) in alignment at lines 6053--6062
 [] [] [] [] [] [] [] [] [] [] [] [] [] [] [] [] [] [] [] [] [] [] 
 []


Overfull \hbox (1404.34505pt too wide) in alignment at lines 6062--6064
 [] [] [] [] [] [] [] [] [] [] [] [] [] [] [] [] [] [] [] [] [] [] 
 []


Overfull \hbox (1491.39755pt too wide) in alignment at lines 6064--6077
 [] [] [] [] [] [] [] [] [] [] [] [] [] [] [] [] [] [] [] [] [] [] 
 []


Package longtable Warning: Column widths have changed
(longtable)                in table 8 on input line 6077.



[149]
chapter without number
Missing character: There is no µ ("B5) in font lmmi10!


[150

]
Overfull \hbox (67.72945pt too wide) in alignment at lines 6188--6193
 [] [] [] [] [] [] [] 
 []


Overfull \hbox (67.72945pt too wide) in alignment at lines 6193--6195
 [] [] [] [] [] [] [] 
 []


Overfull \hbox (179.6713pt too wide) in alignment at lines 6195--6201
 [] [] [] [] [] [] [] 
 []


Package longtable Warning: Column widths have changed
(longtable)                in table 1 on input line 6201.


Overfull \hbox (254.40265pt too wide) in alignment at lines 6228--6234
 [] [] [] [] [] [] [] [] [] 
 []


Overfull \hbox (254.40265pt too wide) in alignment at lines 6234--6236
 [] [] [] [] [] [] [] [] [] 
 []


Overfull \hbox (366.3445pt too wide) in alignment at lines 6236--6242
 [] [] [] [] [] [] [] [] [] 
 []



[151]

Package longtable Warning: Column widths have changed
(longtable)                in table 2 on input line 6242.

Missing character: There is no µ ("B5) in font lmmi10!
Missing character: There is no µ ("B5) in font lmmi10!


[152]
Underfull \hbox (badness 10000) in paragraph at lines 6325--6328
[]\TU/lmr/m/n/10.95 Se \TU/lmtt/m/n/10.95 $H_{1} : \frac{\sigma^2{X}}{\sigma^2{Y}}\neq \sigma^2{0}p-valor =
 []


Underfull \hbox (badness 10000) in paragraph at lines 6325--6328
\TU/lmtt/m/n/10.95 2\times min\left { P\left ( F \geq F{obs} \mid H_{0}\right ), P\left ( F
 []



[153]
Missing character: There is no µ ("B5) in font lmmi10!
Missing character: There is no µ ("B5) in font lmmi10!


[154]

[155]

[156]
Overfull \hbox (254.40265pt too wide) in alignment at lines 6574--6580
 [] [] [] [] [] [] [] [] [] 
 []


Overfull \hbox (254.40265pt too wide) in alignment at lines 6580--6582
 [] [] [] [] [] [] [] [] [] 
 []


Overfull \hbox (355.9639pt too wide) in alignment at lines 6582--6588
 [] [] [] [] [] [] [] [] [] 
 []


Package longtable Warning: Column widths have changed
(longtable)                in table 3 on input line 6588.

Missing character: There is no µ ("B5) in font lmmi10!
Missing character: There is no µ ("B5) in font lmmi10!
Missing character: There is no µ ("B5) in font lmmi10!
Missing character: There is no µ ("B5) in font lmmi10!
Missing character: There is no µ ("B5) in font lmmi10!
Missing character: There is no µ ("B5) in font lmmi10!


[157]
Overfull \hbox (137.06128pt too wide) in alignment at lines 6688--6693
 [] [] [] [] [] [] [] [] [] [] 
 []


Overfull \hbox (137.06128pt too wide) in alignment at lines 6693--6695
 [] [] [] [] [] [] [] [] [] [] 
 []


Overfull \hbox (142.5363pt too wide) in alignment at lines 6695--6701
 [] [] [] [] [] [] [] [] [] [] 
 []



[158]

Package longtable Warning: Column widths have changed
(longtable)                in table 4 on input line 6701.


Overfull \hbox (137.06128pt too wide) in alignment at lines 6733--6738
 [] [] [] [] [] [] [] [] [] [] 
 []


Overfull \hbox (137.06128pt too wide) in alignment at lines 6738--6740
 [] [] [] [] [] [] [] [] [] [] 
 []


Overfull \hbox (142.5363pt too wide) in alignment at lines 6740--6746
 [] [] [] [] [] [] [] [] [] [] 
 []


Package longtable Warning: Column widths have changed
(longtable)                in table 5 on input line 6746.



[159]

[160]
chapter without number


[161

]
chapter without number
File: Cadernos Grupo Python/Teste de Hipóteses - Parte 2/inicio.png Graphic file (type bmp)
<Cadernos Grupo Python/Teste de Hipóteses - Parte 2/inicio.png>

Overfull \hbox (10.95076pt too wide) in paragraph at lines 6817--6818
[] 
 []



[162

]
chapter without number


[163

]
chapter without number


[164

]
chapter without number


[165

]
Overfull \hbox (67.72945pt too wide) in alignment at lines 6911--6916
 [] [] [] [] [] [] [] 
 []


Overfull \hbox (67.72945pt too wide) in alignment at lines 6916--6918
 [] [] [] [] [] [] [] 
 []


Overfull \hbox (179.6713pt too wide) in alignment at lines 6918--6924
 [] [] [] [] [] [] [] 
 []


Package longtable Warning: Column widths have changed
(longtable)                in table 1 on input line 6924.



[166]
chapter without number


[167

]

[168]
chapter without number


[169

]
chapter without number


[170

]
Overfull \hbox (67.72945pt too wide) in alignment at lines 7157--7162
 [] [] [] [] [] [] [] 
 []


Overfull \hbox (67.72945pt too wide) in alignment at lines 7162--7164
 [] [] [] [] [] [] [] 
 []


Overfull \hbox (205.16287pt too wide) in alignment at lines 7164--7170
 [] [] [] [] [] [] [] 
 []


Package longtable Warning: Column widths have changed
(longtable)                in table 1 on input line 7170.



[171]
chapter without number


[172

]

[173]

[174]

[175]

[176]
Underfull \hbox (badness 10000) in paragraph at lines 7500--7503
[]\TU/lmr/m/n/10.95 (4.862969720496892, 0.08790620719349594, 2, array([[35.55555556, 38.88888889,
 []



[177]
chapter without number


[178

]
chapter without number


[179

]
chapter without number


[180

]
chapter without number

Package longtable Warning: Column widths have changed
(longtable)                in table 1 on input line 7642.

[181

]

[182]
chapter without number


[183

]
File: predicao_files/figure-pdf/cell-12-output-1.pdf Graphic file (type pdf)
<use predicao_files/figure-pdf/cell-12-output-1.pdf>


[184]
File: predicao_files/figure-pdf/cell-13-output-1.pdf Graphic file (type pdf)
<use predicao_files/figure-pdf/cell-13-output-1.pdf>


[185]
chapter without number

Overfull \hbox (13.13983pt too wide) in paragraph at lines 7823--7823
[]\TU/lmtt/m/n/10.95 <sklearn.metrics._plot.confusion_matrix.ConfusionMatrixDisplay at 0x2048ef66d50> 
 []

File: predicao_files/figure-pdf/cell-15-output-2.pdf Graphic file (type pdf)
<use predicao_files/figure-pdf/cell-15-output-2.pdf>


[186

]
Overfull \hbox (13.13983pt too wide) in paragraph at lines 7853--7853
[]\TU/lmtt/m/n/10.95 <sklearn.metrics._plot.confusion_matrix.ConfusionMatrixDisplay at 0x2048f29d550> 
 []

File: predicao_files/figure-pdf/cell-16-output-2.pdf Graphic file (type pdf)
<use predicao_files/figure-pdf/cell-16-output-2.pdf>


[187]

[188]
chapter without number


[189

]
chapter without number


[190

]
chapter without number


[191

]
chapter without number


[192

]
File: ErrosAmostrais_files/figure-pdf/cell-2-output-1.pdf Graphic file (type pdf)
<use ErrosAmostrais_files/figure-pdf/cell-2-output-1.pdf>


[193]
File: ErrosAmostrais_files/figure-pdf/cell-3-output-1.pdf Graphic file (type pdf)
<use ErrosAmostrais_files/figure-pdf/cell-3-output-1.pdf>


[194]
Missing character: There is no ⇒ (U+21D2) in font [lmroman10-regular]:mapping=tex-text;!
Missing character: There is no ⇒ (U+21D2) in font [lmroman10-regular]:mapping=tex-text;!
File: ErrosAmostrais_files/figure-pdf/cell-5-output-1.pdf Graphic file (type pdf)
<use ErrosAmostrais_files/figure-pdf/cell-5-output-1.pdf>


[195]

[196]

[197]
chapter without number


[198

]
chapter without number


[199

]
chapter without number

Overfull \hbox (1.64236pt too wide) in paragraph at lines 8234--8234
[]      \TU/lmtt/m/n/10.95 make  address   all  num3d   our  over  remove  internet  order  mail  \ 
 []



[200

]

[201]

[202]
Overfull \hbox (27721.84073pt too wide) in paragraph at lines 8374--8374
[]\TU/lmtt/m/n/10.95 [([]ARDRegression[], <class []sklearn.linear_model._bayes.ARDRegression[]>), ([]AdaBoostClassifier[], <class []sklearn.ensemble._weight_boosting.AdaBoostClassifier[]>), ([]AdaBoostRegressor[], <class []sklearn.ensemble._weight_boosting.AdaBoostRegressor[]>), ([]AdditiveChi2Sampler[], <class []sklearn.kernel_approximation.AdditiveChi2Sampler[]>), ([]AffinityPropagation[], <class []sklearn.cluster._affinity_propagation.AffinityPropagation[]>), ([]AgglomerativeClustering[], <class []sklearn.cluster._agglomerative.AgglomerativeClustering[]>), ([]BaggingClassifier[], <class []sklearn.ensemble._bagging.BaggingClassifier[]>), ([]BaggingRegressor[], <class []sklearn.ensemble._bagging.BaggingRegressor[]>), ([]BayesianGaussianMixture[], <class []sklearn.mixture._bayesian_mixture.BayesianGaussianMixture[]>), ([]BayesianRidge[], <class []sklearn.linear_model._bayes.BayesianRidge[]>), ([]BernoulliNB[], <class []sklearn.naive_bayes.BernoulliNB[]>), ([]BernoulliRBM[], <class []sklearn.neural_network._rbm.BernoulliRBM[]>), ([]Binarizer[], <class []sklearn.preprocessing._data.Binarizer[]>), ([]Birch[], <class []sklearn.cluster._birch.Birch[]>), ([]BisectingKMeans[], <class []sklearn.cluster._bisect_k_means.BisectingKMeans[]>), ([]CCA[], <class []sklearn.cross_decomposition._pls.CCA[]>), ([]CalibratedClassifierCV[], <class []sklearn.calibration.CalibratedClassifierCV[]>), ([]CategoricalNB[], <class []sklearn.naive_bayes.CategoricalNB[]>), ([]ClassifierChain[], <class []sklearn.multioutput.ClassifierChain[]>), ([]ColumnTransformer[], <class []sklearn.compose._column_transformer.ColumnTransformer[]>), ([]ComplementNB[], <class []sklearn.naive_bayes.ComplementNB[]>), ([]CountVectorizer[], <class []sklearn.feature_extraction.text.CountVectorizer[]>), ([]DBSCAN[], <class []sklearn.cluster._dbscan.DBSCAN[]>), ([]DecisionTreeClassifier[], <class []sklearn.tree._classes.DecisionTreeClassifier[]>), ([]DecisionTreeRegressor[], <class []sklearn.tree._classes.DecisionTreeRegressor[]>), ([]DictVectorizer[], <class []sklearn.feature_extraction._dict_vectorizer.DictVectorizer[]>), ([]DictionaryLearning[], <class []sklearn.decomposition._dict_learning.DictionaryLearning[]>), ([]DummyClassifier[], <class []sklearn.dummy.DummyClassifier[]>), ([]DummyRegressor[], <class []sklearn.dummy.DummyRegressor[]>), ([]ElasticNet[], <class []sklearn.linear_model._coordinate_descent.ElasticNet[]>), ([]ElasticNetCV[], <class []sklearn.linear_model._coordinate_descent.ElasticNetCV[]>), ([]EllipticEnvelope[], <class []sklearn.covariance._elliptic_envelope.EllipticEnvelope[]>), ([]EmpiricalCovariance[], <class []sklearn.covariance._empirical_covariance.EmpiricalCovariance[]>), ([]ExtraTreeClassifier[], <class []sklearn.tree._classes.ExtraTreeClassifier[]>), ([]ExtraTreeRegressor[], <class []sklearn.tree._classes.ExtraTreeRegressor[]>), ([]ExtraTreesClassifier[], <class []sklearn.ensemble._forest.ExtraTreesClassifier[]>), ([]ExtraTreesRegressor[], <class []sklearn.ensemble._forest.ExtraTreesRegressor[]>), ([]FactorAnalysis[], <class []sklearn.decomposition._factor_analysis.FactorAnalysis[]>), ([]FastICA[], <class []sklearn.decomposition._fastica.FastICA[]>), ([]FeatureAgglomeration[], <class []sklearn.cluster._agglomerative.FeatureAgglomeration[]>), ([]FeatureHasher[], <class []sklearn.feature_extraction._hash.FeatureHasher[]>), ([]FeatureUnion[], <class []sklearn.pipeline.FeatureUnion[]>), ([]FixedThresholdClassifier[], <class []sklearn.model_selection._classification_threshold.FixedThresholdClassifier[]>), ([]FunctionTransformer[], <class []sklearn.preprocessing._function_transformer.FunctionTransformer[]>), ([]GammaRegressor[], <class []sklearn.linear_model._glm.glm.GammaRegressor[]>), ([]GaussianMixture[], <class []sklearn.mixture._gaussian_mixture.GaussianMixture[]>), ([]GaussianNB[], <class []sklearn.naive_bayes.GaussianNB[]>), ([]GaussianProcessClassifier[], <class []sklearn.gaussian_process._gpc.GaussianProcessClassifier[]>), ([]GaussianProcessRegressor[], <class []sklearn.gaussian_process._gpr.GaussianProcessRegressor[]>), ([]GaussianRandomProjection[], <class []sklearn.random_projection.GaussianRandomProjection[]>), ([]GenericUnivariateSelect[], <class []sklearn.feature_selection._univariate_selection.GenericUnivariateSelect[]>), ([]GradientBoostingClassifier[], <class []sklearn.ensemble._gb.GradientBoostingClassifier[]>), ([]GradientBoostingRegressor[], <class []sklearn.ensemble._gb.GradientBoostingRegressor[]>), ([]GraphicalLasso[], <class []sklearn.covariance._graph_lasso.GraphicalLasso[]>), ([]GraphicalLassoCV[], <class []sklearn.covariance._graph_lasso.GraphicalLassoCV[]>), ([]GridSearchCV[], <class []sklearn.model_selection._search.GridSearchCV[]>), ([]HDBSCAN[], <class []sklearn.cluster._hdbscan.hdbscan.HDBSCAN[]>), ([]HashingVectorizer[], <class []sklearn.feature_extraction.text.HashingVectorizer[]>), ([]HistGradientBoostingClassifier[], <class []sklearn.ensemble._hist_gradient_boosting.gradient_boosting.HistGradientBoostingClassifier[]>), ([]HistGradientBoostingRegressor[], <class []sklearn.ensemble._hist_gradient_boosting.gradient_boosting.HistGradientBoostingRegressor[]>), ([]HuberRegressor[], <class []sklearn.linear_model._huber.HuberRegressor[]>), ([]IncrementalPCA[], <class []sklearn.decomposition._incremental_pca.IncrementalPCA[]>), ([]IsolationForest[], <class []sklearn.ensemble._iforest.IsolationForest[]>), ([]Isomap[], <class []sklearn.manifold._isomap.Isomap[]>), ([]IsotonicRegression[], <class []sklearn.isotonic.IsotonicRegression[]>), ([]KBinsDiscretizer[], <class []sklearn.preprocessing._discretization.KBinsDiscretizer[]>), ([]KMeans[], <class []sklearn.cluster._kmeans.KMeans[]>), ([]KNNImputer[], <class []sklearn.impute._knn.KNNImputer[]>), ([]KNeighborsClassifier[], <class []sklearn.neighbors._classification.KNeighborsClassifier[]>), ([]KNeighborsRegressor[], <class []sklearn.neighbors._regression.KNeighborsRegressor[]>), ([]KNeighborsTransformer[], <class []sklearn.neighbors._graph.KNeighborsTransformer[]>), ([]KernelCenterer[], <class []sklearn.preprocessing._data.KernelCenterer[]>), ([]KernelDensity[], <class []sklearn.neighbors._kde.KernelDensity[]>), ([]KernelPCA[], <class []sklearn.decomposition._kernel_pca.KernelPCA[]>), ([]KernelRidge[], <class []sklearn.kernel_ridge.KernelRidge[]>), ([]LabelBinarizer[], <class []sklearn.preprocessing._label.LabelBinarizer[]>), ([]LabelEncoder[], <class []sklearn.preprocessing._label.LabelEncoder[]>), ([]LabelPropagation[], <class []sklearn.semi_supervised._label_propagation.LabelPropagation[]>), ([]LabelSpreading[], <class []sklearn.semi_supervised._label_propagation.LabelSpreading[]>), ([]Lars[], <class []sklearn.linear_model._least_angle.Lars[]>), ([]LarsCV[], <class []sklearn.linear_model._least_angle.LarsCV[]>), ([]Lasso[], <class []sklearn.linear_model._coordinate_descent.Lasso[]>), ([]LassoCV[], <class []sklearn.linear_model._coordinate_descent.LassoCV[]>), ([]LassoLars[], <class []sklearn.linear_model._least_angle.LassoLars[]>), ([]LassoLarsCV[], <class []sklearn.linear_model._least_angle.LassoLarsCV[]>), ([]LassoLarsIC[], <class []sklearn.linear_model._least_angle.LassoLarsIC[]>), ([]LatentDirichletAllocation[], <class []sklearn.decomposition._lda.LatentDirichletAllocation[]>), ([]LedoitWolf[], <class []sklearn.covariance._shrunk_covariance.LedoitWolf[]>), ([]LinearDiscriminantAnalysis[], <class []sklearn.discriminant_analysis.LinearDiscriminantAnalysis[]>), ([]LinearRegression[], <class []sklearn.linear_model._base.LinearRegression[]>), ([]LinearSVC[], <class []sklearn.svm._classes.LinearSVC[]>), ([]LinearSVR[], <class []sklearn.svm._classes.LinearSVR[]>), ([]LocalOutlierFactor[], <class []sklearn.neighbors._lof.LocalOutlierFactor[]>), ([]LocallyLinearEmbedding[], <class []sklearn.manifold._locally_linear.LocallyLinearEmbedding[]>), ([]LogisticRegression[], <class []sklearn.linear_model._logistic.LogisticRegression[]>), ([]LogisticRegressionCV[], <class []sklearn.linear_model._logistic.LogisticRegressionCV[]>), ([]MDS[], <class []sklearn.manifold._mds.MDS[]>), ([]MLPClassifier[], <class []sklearn.neural_network._multilayer_perceptron.MLPClassifier[]>), ([]MLPRegressor[], <class []sklearn.neural_network._multilayer_perceptron.MLPRegressor[]>), ([]MaxAbsScaler[], <class []sklearn.preprocessing._data.MaxAbsScaler[]>), ([]MeanShift[], <class []sklearn.cluster._mean_shift.MeanShift[]>), ([]MinCovDet[], <class []sklearn.covariance._robust_covariance.MinCovDet[]>), ([]MinMaxScaler[], <class []sklearn.preprocessing._data.MinMaxScaler[]>), ([]MiniBatchDictionaryLearning[], <class []sklearn.decomposition._dict_learning.MiniBatchDictionaryLearning[]>), ([]MiniBatchKMeans[], <class []sklearn.cluster._kmeans.MiniBatchKMeans[]>), ([]MiniBatchNMF[], <class []sklearn.decomposition._nmf.MiniBatchNMF[]>), ([]MiniBatchSparsePCA[], <class []sklearn.decomposition._sparse_pca.MiniBatchSparsePCA[]>), ([]MissingIndicator[], <class []sklearn.impute._base.MissingIndicator[]>), ([]MultiLabelBinarizer[], <class []sklearn.preprocessing._label.MultiLabelBinarizer[]>), ([]MultiOutputClassifier[], <class []sklearn.multioutput.MultiOutputClassifier[]>), ([]MultiOutputRegressor[], <class []sklearn.multioutput.MultiOutputRegressor[]>), ([]MultiTaskElasticNet[], <class []sklearn.linear_model._coordinate_descent.MultiTaskElasticNet[]>), ([]MultiTaskElasticNetCV[], <class []sklearn.linear_model._coordinate_descent.MultiTaskElasticNetCV[]>), ([]MultiTaskLasso[], <class []sklearn.linear_model._coordinate_descent.MultiTaskLasso[]>), ([]MultiTaskLassoCV[], <class []sklearn.linear_model._coordinate_descent.MultiTaskLassoCV[]>), ([]MultinomialNB[], <class []sklearn.naive_bayes.MultinomialNB[]>), ([]NMF[], <class []sklearn.decomposition._nmf.NMF[]>), ([]NearestCentroid[], <class []sklearn.neighbors._nearest_centroid.NearestCentroid[]>), ([]NearestNeighbors[], <class []sklearn.neighbors._unsupervised.NearestNeighbors[]>), ([]NeighborhoodComponentsAnalysis[], <class []sklearn.neighbors._nca.Neighborhood
ComponentsAnalysis[]>), ([]Normalizer[], <class []sklearn.preprocessing._data.Normalizer[]>), ([]NuSVC[], <class []sklearn.svm._classes.NuSVC[]>), ([]NuSVR[], <class []sklearn.svm._classes.NuSVR[]>), ([]Nystroem[], <class []sklearn.kernel_approximation.Nystroem[]>), ([]OAS[], <class []sklearn.covariance._shrunk_covariance.OAS[]>), ([]OPTICS[], <class []sklearn.cluster._optics.OPTICS[]>), ([]OneClassSVM[], <class []sklearn.svm._classes.OneClassSVM[]>), ([]OneHotEncoder[], <class []sklearn.preprocessing._encoders.OneHotEncoder[]>), ([]OneVsOneClassifier[], <class []sklearn.multiclass.OneVsOneClassifier[]>), ([]OneVsRestClassifier[], <class []sklearn.multiclass.OneVsRestClassifier[]>), ([]OrdinalEncoder[], <class []sklearn.preprocessing._encoders.OrdinalEncoder[]>), ([]OrthogonalMatchingPursuit[], <class []sklearn.linear_model._omp.OrthogonalMatchingPursuit[]>), ([]OrthogonalMatchingPursuitCV[], <class []sklearn.linear_model._omp.OrthogonalMatchingPursuitCV[]>), ([]OutputCodeClassifier[], <class []sklearn.multiclass.OutputCodeClassifier[]>), ([]PCA[], <class []sklearn.decomposition._pca.PCA[]>), ([]PLSCanonical[], <class []sklearn.cross_decomposition._pls.PLSCanonical[]>), ([]PLSRegression[], <class []sklearn.cross_decomposition._pls.PLSRegression[]>), ([]PLSSVD[], <class []sklearn.cross_decomposition._pls.PLSSVD[]>), ([]PassiveAggressiveClassifier[], <class []sklearn.linear_model._passive_aggressive.PassiveAggressiveClassifier[]>), ([]PassiveAggressiveRegressor[], <class []sklearn.linear_model._passive_aggressive.PassiveAggressiveRegressor[]>), ([]PatchExtractor[], <class []sklearn.feature_extraction.image.PatchExtractor[]>), ([]Perceptron[], <class []sklearn.linear_model._perceptron.Perceptron[]>), ([]Pipeline[], <class []sklearn.pipeline.Pipeline[]>), ([]PoissonRegressor[], <class []sklearn.linear_model._glm.glm.PoissonRegressor[]>), ([]PolynomialCountSketch[], <class []sklearn.kernel_approximation.PolynomialCountSketch[]>), ([]PolynomialFeatures[], <class []sklearn.preprocessing._polynomial.PolynomialFeatures[]>), ([]PowerTransformer[], <class []sklearn.preprocessing._data.PowerTransformer[]>), ([]QuadraticDiscriminantAnalysis[], <class []sklearn.discriminant_analysis.QuadraticDiscriminantAnalysis[]>), ([]QuantileRegressor[], <class []sklearn.linear_model._quantile.QuantileRegressor[]>), ([]QuantileTransformer[], <class []sklearn.preprocessing._data.QuantileTransformer[]>), ([]RANSACRegressor[], <class []sklearn.linear_model._ransac.RANSACRegressor[]>), ([]RBFSampler[], <class []sklearn.kernel_approximation.RBFSampler[]>), ([]RFE[], <class []sklearn.feature_selection._rfe.RFE[]>), ([]RFECV[], <class []sklearn.feature_selection._rfe.RFECV[]>), ([]RadiusNeighborsClassifier[], <class []sklearn.neighbors._classification.RadiusNeighborsClassifier[]>), ([]RadiusNeighborsRegressor[], <class []sklearn.neighbors._regression.RadiusNeighborsRegressor[]>), ([]RadiusNeighborsTransformer[], <class []sklearn.neighbors._graph.RadiusNeighborsTransformer[]>), ([]RandomForestClassifier[], <class []sklearn.ensemble._forest.RandomForestClassifier[]>), ([]RandomForestRegressor[], <class []sklearn.ensemble._forest.RandomForestRegressor[]>), ([]RandomTreesEmbedding[], <class []sklearn.ensemble._forest.RandomTreesEmbedding[]>), ([]RandomizedSearchCV[], <class []sklearn.model_selection._search.RandomizedSearchCV[]>), ([]RegressorChain[], <class []sklearn.multioutput.RegressorChain[]>), ([]Ridge[], <class []sklearn.linear_model._ridge.Ridge[]>), ([]RidgeCV[], <class []sklearn.linear_model._ridge.RidgeCV[]>), ([]RidgeClassifier[], <class []sklearn.linear_model._ridge.RidgeClassifier[]>), ([]RidgeClassifierCV[], <class []sklearn.linear_model._ridge.RidgeClassifierCV[]>), ([]RobustScaler[], <class []sklearn.preprocessing._data.RobustScaler[]>), ([]SGDClassifier[], <class []sklearn.linear_model._stochastic_gradient.SGDClassifier[]>), ([]SGDOneClassSVM[], <class []sklearn.linear_model._stochastic_gradient.SGDOneClassSVM[]>), ([]SGDRegressor[], <class []sklearn.linear_model._stochastic_gradient.SGDRegressor[]>), ([]SVC[], <class []sklearn.svm._classes.SVC[]>), ([]SVR[], <class []sklearn.svm._classes.SVR[]>), ([]SelectFdr[], <class []sklearn.feature_selection._univariate_selection.SelectFdr[]>), ([]SelectFpr[], <class []sklearn.feature_selection._univariate_selection.SelectFpr[]>), ([]SelectFromModel[], <class []sklearn.feature_selection._from_model.SelectFromModel[]>), ([]SelectFwe[], <class []sklearn.feature_selection._univariate_selection.SelectFwe[]>), ([]SelectKBest[], <class []sklearn.feature_selection._univariate_selection.SelectKBest[]>), ([]SelectPercentile[], <class []sklearn.feature_selection._univariate_selection.SelectPercentile[]>), ([]SelfTrainingClassifier[], <class []sklearn.semi_supervised._self_training.SelfTrainingClassifier[]>), ([]SequentialFeatureSelector[], <class []sklearn.feature_selection._sequential.SequentialFeatureSelector[]>), ([]ShrunkCovariance[], <class []sklearn.covariance._shrunk_covariance.ShrunkCovariance[]>), ([]SimpleImputer[], <class []sklearn.impute._base.SimpleImputer[]>), ([]SkewedChi2Sampler[], <class []sklearn.kernel_approximation.SkewedChi2Sampler[]>), ([]SparseCoder[], <class []sklearn.decomposition._dict_learning.SparseCoder[]>), ([]SparsePCA[], <class []sklearn.decomposition._sparse_pca.SparsePCA[]>), ([]SparseRandomProjection[], <class []sklearn.random_projection.SparseRandomProjection[]>), ([]SpectralBiclustering[], <class []sklearn.cluster._bicluster.SpectralBiclustering[]>), ([]SpectralClustering[], <class []sklearn.cluster._spectral.SpectralClustering[]>), ([]SpectralCoclustering[], <class []sklearn.cluster._bicluster.SpectralCoclustering[]>), ([]SpectralEmbedding[], <class []sklearn.manifold._spectral_embedding.SpectralEmbedding[]>), ([]SplineTransformer[], <class []sklearn.preprocessing._polynomial.SplineTransformer[]>), ([]StackingClassifier[], <class []sklearn.ensemble._stacking.StackingClassifier[]>), ([]StackingRegressor[], <class []sklearn.ensemble._stacking.StackingRegressor[]>), ([]StandardScaler[], <class []sklearn.preprocessing._data.StandardScaler[]>), ([]TSNE[], <class []sklearn.manifold._t_sne.TSNE[]>), ([]TargetEncoder[], <class []sklearn.preprocessing._target_encoder.TargetEncoder[]>), ([]TfidfTransformer[], <class []sklearn.feature_extraction.text.TfidfTransformer[]>), ([]TfidfVectorizer[], <class []sklearn.feature_extraction.text.TfidfVectorizer[]>), ([]TheilSenRegressor[], <class []sklearn.linear_model._theil_sen.TheilSenRegressor[]>), ([]TransformedTargetRegressor[], <class []sklearn.compose._target.TransformedTargetRegressor[]>), ([]TruncatedSVD[], <class []sklearn.decomposition._truncated_svd.TruncatedSVD[]>), ([]TunedThresholdClassifierCV[], <class []sklearn.model_selection._classification_threshold.TunedThresholdClassifierCV[]>), ([]TweedieRegressor[], <class []sklearn.linear_model._glm.glm.TweedieRegressor[]>), ([]VarianceThreshold[], <class []sklearn.feature_selection._variance_threshold.VarianceThreshold[]>), ([]VotingClassifier[], <class []sklearn.ensemble._voting.VotingClassifier[]>), ([]VotingRegressor[], <class []sklearn.ensemble._voting.VotingRegressor[]>)] 
 []


Overfull \hbox (19949.79956pt too wide) in paragraph at lines 8375--8375
[]\TU/lmtt/m/n/10.95 [([]AdaBoostClassifier[], <class []sklearn.ensemble._weight_boosting.AdaBoostClassifier[]>), ([]BaggingClassifier[], <class []sklearn.ensemble._bagging.BaggingClassifier[]>), ([]BernoulliNB[], <class []sklearn.naive_bayes.BernoulliNB[]>), ([]CalibratedClassifierCV[], <class []sklearn.calibration.CalibratedClassifierCV[]>), ([]CategoricalNB[], <class []sklearn.naive_bayes.CategoricalNB[]>), ([]ClassifierChain[], <class []sklearn.multioutput.ClassifierChain[]>), ([]ComplementNB[], <class []sklearn.naive_bayes.ComplementNB[]>), ([]DecisionTreeClassifier[], <class []sklearn.tree._classes.DecisionTreeClassifier[]>), ([]DummyClassifier[], <class []sklearn.dummy.DummyClassifier[]>), ([]ExtraTreeClassifier[], <class []sklearn.tree._classes.ExtraTreeClassifier[]>), ([]ExtraTreesClassifier[], <class []sklearn.ensemble._forest.ExtraTreesClassifier[]>), ([]FixedThresholdClassifier[], <class []sklearn.model_selection._classification_threshold.FixedThresholdClassifier[]>), ([]GaussianNB[], <class []sklearn.naive_bayes.GaussianNB[]>), ([]GaussianProcessClassifier[], <class []sklearn.gaussian_process._gpc.GaussianProcessClassifier[]>), ([]GradientBoostingClassifier[], <class []sklearn.ensemble._gb.GradientBoostingClassifier[]>), ([]HistGradientBoostingClassifier[], <class []sklearn.ensemble._hist_gradient_boosting.gradient_boosting.HistGradientBoostingClassifier[]>), ([]KNeighborsClassifier[], <class []sklearn.neighbors._classification.KNeighborsClassifier[]>), ([]LabelPropagation[], <class []sklearn.semi_supervised._label_propagation.LabelPropagation[]>), ([]LabelSpreading[], <class []sklearn.semi_supervised._label_propagation.LabelSpreading[]>), ([]LinearDiscriminantAnalysis[], <class []sklearn.discriminant_analysis.LinearDiscriminantAnalysis[]>), ([]LinearSVC[], <class []sklearn.svm._classes.LinearSVC[]>), ([]LogisticRegression[], <class []sklearn.linear_model._logistic.LogisticRegression[]>), ([]LogisticRegressionCV[], <class []sklearn.linear_model._logistic.LogisticRegressionCV[]>), ([]MLPClassifier[], <class []sklearn.neural_network._multilayer_perceptron.MLPClassifier[]>), ([]MultiOutputClassifier[], <class []sklearn.multioutput.MultiOutputClassifier[]>), ([]MultinomialNB[], <class []sklearn.naive_bayes.MultinomialNB[]>), ([]NearestCentroid[], <class []sklearn.neighbors._nearest_centroid.NearestCentroid[]>), ([]NuSVC[], <class []sklearn.svm._classes.NuSVC[]>), ([]OneVsOneClassifier[], <class []sklearn.multiclass.OneVsOneClassifier[]>), ([]OneVsRestClassifier[], <class []sklearn.multiclass.OneVsRestClassifier[]>), ([]OutputCodeClassifier[], <class []sklearn.multiclass.OutputCodeClassifier[]>), ([]PassiveAggressiveClassifier[], <class []sklearn.linear_model._passive_aggressive.PassiveAggressiveClassifier[]>), ([]Perceptron[], <class []sklearn.linear_model._perceptron.Perceptron[]>), ([]QuadraticDiscriminantAnalysis[], <class []sklearn.discriminant_analysis.QuadraticDiscriminantAnalysis[]>), ([]RadiusNeighborsClassifier[], <class []sklearn.neighbors._classification.RadiusNeighborsClassifier[]>), ([]RandomForestClassifier[], <class []sklearn.ensemble._forest.RandomForestClassifier[]>), ([]RidgeClassifier[], <class []sklearn.linear_model._ridge.RidgeClassifier[]>), ([]RidgeClassifierCV[], <class []sklearn.linear_model._ridge.RidgeClassifierCV[]>), ([]SGDClassifier[], <class []sklearn.linear_model._stochastic_gradient.SGDClassifier[]>), ([]SVC[], <class []sklearn.svm._classes.SVC[]>), ([]StackingClassifier[], <class []sklearn.ensemble._stacking.StackingClassifier[]>), ([]TunedThresholdClassifierCV[], <class []sklearn.model_selection._classification_threshold.TunedThresholdClassifierCV[]>), ([]VotingClassifier[], <class []sklearn.ensemble._voting.VotingClassifier[]>)][] 
 []



[203]

LaTeX Warning: File `Cadernos Grupo Python/AvaliandoPreditores/matrizDeConfusaoVazia.png' not found on input line 8471.

! Unable to load picture or PDF file '"Cadernos Grupo Python/AvaliandoPreditores/matrizDeConfusaoVazia.png"'.
<to be read again> 
                   }
l.8471 ...ndoPreditores/matrizDeConfusaoVazia.png}
                                                   
Here is how much of TeX's memory you used:
 40114 strings out of 476173
 850336 string characters out of 5783392
 1587384 words of memory out of 5000000
 62073 multiletter control sequences out of 15000+600000
 564532 words of font info for 90 fonts, out of 8000000 for 9000
 36 hyphenation exceptions out of 8191
 108i,8n,123p,16331b,1051s stack positions out of 10000i,1000n,20000p,200000b,200000s

Output written on index.pdf (203 pages).
